Synonym,Family,N_Names,N_Langs,N_Uses,Species,Ssp_var,Nmass (mg/g),Woodiness,LDMC (g/g),Diaspore mass (mg),Plant height (m),Leaf area (mm2),species_id
Abies amabilis,Pinaceae,35,20,27,Abies amabilis,NA,9.448975476,woody,3.8797450945768466,45.51169999999999,45.95737787000001,206.49633427157474,1
Abies grandis,Pinaceae,50,25,76,Abies grandis,NA,14.6,woody,36.23688172661117,17.579,54.9171867,180,2
Abies lasiocarpa,Pinaceae,54,31,105,Abies lasiocarpa,NA,13.43892689,woody,159.81425298536843,12.660299999999998,26.65503063,35.04,3
Acer circinatum,Sapindaceae,23,18,26,Acer circinatum,NA,18.533258049406516,woody,34.930243486577176,73.99230000000001,23.590831160000004,3019.000000000001,4
Acer glabrum,Sapindaceae,36,27,28,Acer glabrum,NA,20.45602852663095,woody,41.064667538131474,50.29449999999999,11.267881289999998,3280.529999999999,5
Acer macrophyllum,Sapindaceae,38,23,64,Acer macrophyllum,NA,26.4,woody,22.98388473799838,130.52329999999998,22.451222949999995,11632.910000000003,6
Achillea millefolium,Compositae,85,48,266,Achillea millefolium,NA,20.54814349,non-woody,87.75111368512577,0.1428,0.313157943,627.23,7
Achlys triphylla,Berberidaceae,7,6,9,Achlys triphylla,NA,24.50949694836723,non-woody,0.3107132962706709,5.5588,0.5879510423381296,2942.611498984429,8
Actaea rubra,Ranunculaceae,22,13,22,Actaea rubra,NA,18.8,non-woody,0.43180338238322635,10.685099999999998,1,1252.2900000000002,9
Adiantum aleuticum,Pteridaceae,25,16,11,Adiantum aleuticum,NA,20.475420016659125,non-woody,0.4683164929161383,0.3952008650578817,0.36443704188674675,415.60318079894137,10
Agoseris glauca,Compositae,8,5,1,Agoseris glauca,NA,17.17,non-woody,0.6037480016329415,1.1523,0.181659021,520,11
Allium cernuum,Amaryllidaceae,52,36,69,Allium cernuum,NA,21.742468141199595,non-woody,0.40491006423976744,3.85,0.6004677697333464,3761.8314582222856,12
Allium geyeri,Amaryllidaceae,11,8,7,Allium geyeri,NA,13.8892242914781,non-woody,0.6481974637779666,2.34,0.056200000000000014,117.96999999999998,13
Allium schoenoprasum subsp. sibiricum,Liliaceae,12,7,6,Allium schoenoprasum,subsp. sibiricum,20.475420016659125,non-woody,0.4683164929161383,0.3952008650578817,0.36443704188674675,415.60318079894137,14
Alnus incana subsp. tenuifolia,Betulaceae,66,35,45,Alnus incana,subsp. tenuifolia,21.9,woody,227.91274361631613,0.6077,2.42731044453254,834.8689372966276,15
Alnus rubra,Betulaceae,56,33,116,Alnus rubra,NA,23.73410952,woody,139.43788918026948,0.8533,30.98284191,489.3491707934212,16
Alnus viridis subsp. crispa,Betulaceae,66,35,26,Alnus viridis,subsp. crispa,20.475420016659125,non-woody,0.4683164929161383,0.3952008650578817,0.36443704188674675,415.60318079894137,17
Alnus viridis subsp. sinuata,Betulaceae,66,35,8,Alnus viridis,subsp. sinuata,20.475420016659125,non-woody,0.4683164929161383,0.3952008650578817,0.36443704188674675,415.60318079894137,18
Amelanchier alnifolia,Rosaceae,131,45,164,Amelanchier alnifolia,NA,18.2,woody,156.7818596240367,5.5447,3.8628324399999996,964.6100000000005,19
Anaphalis margaritacea,Compositae,15,10,43,Anaphalis margaritacea,NA,17.76384616,non-woody,0.296254214,0.0445,0.633818409,1465.0200000000004,20
Anemone multifida,Ranunculaceae,12,8,1,Anemone multifida,NA,23.67354615521731,non-woody,0.8233826030830816,1.1785,0.6,1572.0211114289555,21
Angelica genuflexa,Apiaceae,17,10,11,Angelica genuflexa,NA,20.475420016659125,non-woody,0.4683164929161383,0.3952008650578817,0.36443704188674675,415.60318079894137,22
Angelica lucida,Apiaceae,13,5,25,Angelica lucida,NA,23.739476488292254,non-woody,0.33461316935855717,5.889999999999999,0.580039940038212,2817.4312974656823,23
Antennaria neglecta,Compositae,4,4,6,Antennaria neglecta,NA,14.70791148,non-woody,0.7654820859285225,0.0693,0.3,278.08000000000004,24
Apocynum androsaemifolium,Apocynaceae,33,20,54,Apocynum androsaemifolium,NA,17.2556779,non-woody,0.3345541269999999,0.2289,0.735820838,7156.820000000001,25
Apocynum cannabinum,Apocynaceae,33,20,99,Apocynum cannabinum,NA,17.24,non-woody,0.5864793856375062,0.9519,0.95,1812.4972750949025,26
Aquilegia formosa,Ranunculaceae,29,20,31,Aquilegia formosa,NA,22.95405415584258,non-woody,1.9359813352554143,1.3283,0.91,2426.1618780332133,27
Aralia nudicaulis,Araliaceae,14,11,79,Aralia nudicaulis,NA,20.1078031,non-woody,0.36135113879447184,5.905,0.45,4321.2000000000035,28
Arbutus menziesii,Ericaceae,15,12,61,Arbutus menziesii,NA,11.52874754,woody,20.413526475354033,92.64920000000002,19.718062110000005,4276.550000000001,29
Arctostaphylos uva-ursi,Ericaceae,87,49,186,Arctostaphylos uva-ursi,NA,10.72919761,woody,29.755690098437082,11.325,0.269174936,172.17000000000002,30
Arctous alpina,Ericaceae,11,6,4,Arctous alpina,NA,16.36581804,woody,56.10202110452564,0.3816971606499103,0.4779755657473743,219.00000000000003,31
Argentina anserina,Rosaceae,49,25,16,Argentina anserina,NA,20.475420016659125,non-woody,0.4683164929161383,0.3952008650578817,0.36443704188674675,415.60318079894137,32
Argentina egedii,Rosaceae,49,25,19,Argentina egedii,NA,20.475420016659125,non-woody,0.4683164929161383,0.3952008650578817,0.36443704188674675,415.60318079894137,33
Arnica cordifolia,Compositae,3,4,5,Arnica cordifolia,NA,20.26053300061265,non-woody,0.5953742738902112,1.4841,0.45,1283.8299999999995,34
Artemisia dracunculus,Compositae,12,7,99,Artemisia dracunculus,NA,25.48,non-woody,6.680362140538172,0.11499999999999999,0.788412343,87.71999999999997,35
Artemisia frigida,Compositae,14,12,90,Artemisia frigida,NA,27.16450345,non-woody,0.903813708492661,0.07109999999999998,0.6,230.85000000000005,36
Artemisia ludoviciana,Compositae,12,7,98,Artemisia ludoviciana,NA,18.90475139,non-woody,0.311672567,0.12409999999999999,0.48641546,262.2099999999999,37
Artemisia tilesii,Compositae,7,4,33,Artemisia tilesii,NA,20.439368456087298,non-woody,23.949644599360784,0.13859999999999997,1.9,2140.210235305131,38
Artemisia tridentata,Compositae,16,12,216,Artemisia tridentata,NA,15.17575567,woody,234.72709177158458,0.6187,1.807239194,37.71999999999999,39
Aruncus dioicus,Rosaceae,20,16,10,Aruncus dioicus,NA,41.37404677,non-woody,0.194935887,0.0881,1.103405285,97188.52000000005,40
Asarum caudatum,Aristolochiaceae,23,12,28,Asarum caudatum,NA,20.475420016659125,non-woody,0.4683164929161383,0.3952008650578817,0.36443704188674675,415.60318079894137,41
Asclepias speciosa,Apocynaceae,5,4,61,Asclepias speciosa,NA,21.59226082786577,non-woody,11.45868643162722,6.919099999999999,1.82,3634.0492522869904,42
Athyrium filix-femina var. cyclosorum,Dryopteridaceae,30,19,1,Athyrium filix-femina,var. cyclosorum,20.475420016659125,non-woody,0.4683164929161383,0.3952008650578817,0.36443704188674675,415.60318079894137,43
Balsamorhiza sagittata,Compositae,31,13,109,Balsamorhiza sagittata,NA,21.96019842951295,non-woody,0.4004227944115886,4.827299999999999,0.6,6992.420000000004,44
Betula nana,Betulaceae,13,11,7,Betula nana,NA,22.6860961,woody,397.52528115384587,0.2214,0.394932857,51.78000000000001,45
Betula occidentalis,Betulaceae,8,7,12,Betula occidentalis,NA,25.56408759465595,woody,273.5364110891063,0.2168,12.345039490000001,1766.4708264128587,46
Betula papyrifera,Betulaceae,56,35,174,Betula papyrifera,NA,23.83371477,woody,400.62000000000006,0.3277999999999999,14.69789012,2536.38,47
Betula pumila subsp. glandulifera,Betulaceae,13,11,3,Betula pumila,subsp. glandulifera,20.475420016659125,non-woody,0.4683164929161383,0.3952008650578817,0.36443704188674675,415.60318079894137,48
Blechnum spicant,Blechnaceae,16,12,17,Blechnum spicant,NA,17.732797560300316,non-woody,17.37671724619078,5.1499999999999964e-6,0.371950331,276.1878449188414,49
Boschniakia hookeri,Orobanchaceae,8,5,3,Boschniakia hookeri,NA,20.475420016659125,non-woody,0.4683164929161383,0.3952008650578817,0.36443704188674675,415.60318079894137,50
Boschniakia rossica,Orobanchaceae,8,5,1,Boschniakia rossica,NA,20.475420016659125,non-woody,0.4683164929161383,0.3952008650578817,0.36443704188674675,415.60318079894137,51
Bromus carinatus,Poaceae,5,6,4,Bromus carinatus,NA,24.700456129462772,non-woody,0.23272,5.907899999999999,1.205,1716.0000000000002,52
Calamagrostis rubescens,Poaceae,18,12,9,Calamagrostis rubescens,NA,25.021480890865675,non-woody,5.703681893450685,0.17,0.91,1519.7170348408856,53
Calochortus macrocarpus,Liliaceae,10,8,17,Calochortus macrocarpus,NA,22.558186378731293,non-woody,0.506144122418262,2.24,0.54,2502.810551789612,54
Calypso bulbosa,Orchidaceae,16,10,1,Calypso bulbosa,NA,19.062117561454013,non-woody,9.068644590176952,5.999999999999997e-4,0.8043943864721196,956.5834228018106,55
Camassia leichtlinii,Asparagaceae,65,33,12,Camassia leichtlinii,NA,24.272703792046446,non-woody,0.6571591606070907,9.35,0.6440755771404283,3612.4303720563794,56
Camassia quamash,Asparagaceae,65,16,50,Camassia quamash,NA,23.137330818943994,non-woody,0.536593244978947,3.9889999999999994,0.7,2759.11832522549,57
Campanula rotundifolia,Campanulaceae,5,4,10,Campanula rotundifolia,NA,19.69810933,non-woody,236.96265356272698,0.05460000000000001,0.227134281,62.66999999999999,58
Carex obnupta,Cyperaceae,46,26,10,Carex obnupta,NA,25.28742919818504,non-woody,4.316780745508825,0.35280000000000006,0.91,1572.1276827784218,59
Carex rostrata,Cyperaceae,46,26,4,Carex rostrata,NA,19.26761453,non-woody,0.23774622899999998,1.034,0.468669026,1698.7700000000004,60
Castilleja hispida,Orobanchaceae,21,15,3,Castilleja hispida,NA,18.807361832680318,non-woody,1.6829679542435914,0.3592,0.45,721.2909058122752,61
Castilleja miniata,Orobanchaceae,21,15,19,Castilleja miniata,NA,18.571261925957838,non-woody,4.938929022894877,0.2496,0.30995266158856744,678.7659980211563,62
Ceanothus sanguineus,Rhamnaceae,23,10,5,Ceanothus sanguineus,NA,28.448465161951802,woody,163.95653973294415,3.3746999999999994,3.04,1905.0490530328998,63
Ceanothus velutinus,Rhamnaceae,23,10,5,Ceanothus velutinus,NA,20,woody,188.16769408093214,4.8155,3.0199337739999996,1498.7941208851892,64
Chamaecyparis nootkatensis,Cupressaceae,42,47,62,Chamaecyparis nootkatensis,NA,20.475420016659125,non-woody,0.4683164929161383,0.3952008650578817,0.36443704188674675,415.60318079894137,65
Chenopodium capitatum,Amaranthaceae,15,10,12,Chenopodium capitatum,NA,19.454233198215306,non-woody,0.6006205613972856,0.22840000000000002,0.378224476,458.73621197383386,66
Chimaphila umbellata,Ericaceae,16,11,70,Chimaphila umbellata,NA,11.8577412,woody,93.67136787696094,0.31270714133592864,0.09563748900000002,122.50999999999999,67
Cicuta douglasii,Apiaceae,28,19,31,Cicuta douglasii,NA,21.23608364039792,non-woody,12.338487173507044,2.9335,1.82,4218.042836503813,68
Cicuta virosa,Apiaceae,28,19,6,Cicuta virosa,NA,24.539079019048426,non-woody,0.12123720099999998,1.036,0.876134937,17017.660000000007,69
Cirsium arvense,Compositae,44,28,11,Cirsium arvense,NA,24.72195493,non-woody,105.70997219981496,1.6595,0.652958113,5570.160000000002,70
Cirsium brevistylum,Compositae,44,28,6,Cirsium brevistylum,NA,25.613253832916026,non-woody,1.3032450934047315,1.5792,0.580032979824818,1561.8426291889618,71
Cirsium edule,Asteraceae,44,28,10,Cirsium edule,NA,20.475420016659125,non-woody,0.4683164929161383,0.3952008650578817,0.36443704188674675,415.60318079894137,72
Cirsium hookerianum,Asteraceae,44,28,6,Cirsium hookerianum,NA,20.475420016659125,non-woody,0.4683164929161383,0.3952008650578817,0.36443704188674675,415.60318079894137,73
Cirsium undulatum,Compositae,44,28,16,Cirsium undulatum,NA,23.55,non-woody,0.8486698870128511,5.4403,1.2,2458.6911163146297,74
Cirsium vulgare,Compositae,44,28,20,Cirsium vulgare,NA,17.26,non-woody,0.131397251,2.6402,0.92238856,6798.489999999998,75
Claytonia lanceolata,Montiaceae,30,18,13,Claytonia lanceolata,NA,11.963452732764027,non-woody,1.0901164259631695,1.11,0.18759042777370957,76.72000000000001,76
Claytonia sibirica,Montiaceae,17,7,14,Claytonia sibirica,NA,29.08936345973931,non-woody,0.07680999999999999,1.1796,0.35663531700000006,316.00000000000006,77
Clematis columbiana,Ranunculaceae,10,6,3,Clematis columbiana,NA,18.61299054797528,woody,115.5157820992696,5.33,1.5,657.1894650093989,78
Clematis ligusticifolia,Ranunculaceae,13,7,59,Clematis ligusticifolia,NA,21.074606934375236,woody,56.38277574830483,2.8439,0.3,3212.999999999998,79
Clematis occidentalis,Ranunculaceae,10,6,3,Clematis occidentalis,NA,26.852150882227196,woody,156.2434267582689,5.27,3.284956243722174,1644.1586591148014,80
Clintonia uniflora,Liliaceae,10,9,10,Clintonia uniflora,NA,20.78952384120746,non-woody,0.7865126823925567,4.962899999999999,0.32694389098195553,1165.3233706988156,81
Comandra umbellata,Santalaceae,8,4,7,Comandra umbellata,NA,16.98419965,non-woody,0.8866946688492585,89.12000000000002,0.282842712,96.61999999999998,82
Comarum palustre,Rosaceae,3,3,4,Comarum palustre,NA,13.36,non-woody,0.25,0.4222,0.371233216,2197.209999999999,83
Conioselinum gmelinii,Apiaceae,29,14,15,Conioselinum gmelinii,NA,20.475420016659125,non-woody,0.4683164929161383,0.3952008650578817,0.36443704188674675,415.60318079894137,84
Cornus canadensis,Cornaceae,60,30,40,Cornus canadensis,NA,18.50784993,non-woody,0.8610017313809647,8.7106,0.15,771.3799999999998,85
Cornus nuttallii,Cornaceae,24,14,30,Cornus nuttallii,NA,18.835486538403835,woody,33.510753641786636,91.83589999999998,14.725854820000002,3200.0000000000027,86
Cornus sericea,Cornaceae,76,40,21,Cornus sericea,NA,17.55,woody,85.17855063973744,25.7526,2.663296645,2345.5099999999998,87
Cornus suecica,Cornaceae,60,30,2,Cornus suecica,NA,19.88696657,non-woody,0.197911602,3.4200000000000004,0.16496465099999996,301.40000000000003,88
Cornus unalaschkensis,Cornaceae,60,30,6,Cornus unalaschkensis,NA,20.475420016659125,non-woody,0.4683164929161383,0.3952008650578817,0.36443704188674675,415.60318079894137,89
Corylus cornuta,Betulaceae,63,29,25,Corylus cornuta,NA,19.53619192,woody,35.57447931287921,472.61130000000003,3.3940213169999995,3166.4000000000024,90
Crataegus douglasii,Rosaceae,68,25,41,Crataegus douglasii,NA,22.923061043223402,woody,96.85789937521531,22.1203,3.123716806,1781.3682380944863,91
Delphinium nuttallianum,Ranunculaceae,6,4,2,Delphinium nuttallianum,NA,18.714895716721752,non-woody,0.4725926098072201,0.4033,0.33982777847977624,381.9700000000001,92
Dicentra formosa,Papaveraceae,6,4,4,Dicentra formosa,NA,25.21756963591643,non-woody,1.5373199596110991,1.4209,0.564621617,1543.3523894474656,93
Dodecatheon hendersonii,Primulaceae,15,9,3,Dodecatheon hendersonii,NA,19.19616625930677,non-woody,0.592191446900937,1.1493,0.2469606573087821,515.537069792961,94
Dodecatheon jeffreyi,Primulaceae,15,9,2,Dodecatheon jeffreyi,NA,18.14463669301799,non-woody,1.6401787694784362,0.53,0.2860087968459642,606.8693513640753,95
Dodecatheon pulchellum,Primulaceae,15,9,1,Dodecatheon pulchellum,NA,25.94875,non-woody,0.7317910400197721,0.3836,0.6,408.09000000000003,96
Drosera rotundifolia,Droseraceae,6,3,2,Drosera rotundifolia,NA,12.68845516,non-woody,0.13,0.012899999999999998,0.07657072999999999,47.440000000000005,97
Dryopteris expansa,Dryopteridaceae,66,37,7,Dryopteris expansa,NA,22.11655754,non-woody,269.34000000000003,3.6799999999999986e-5,1.2,59642.46000000002,98
Elaeagnus commutata,Elaeagnaceae,25,11,43,Elaeagnus commutata,NA,19.966692669037524,woody,39.48052206994824,119.17239999999998,2.8178319760000003,2574.0287552128857,99
Empetrum nigrum,Ericaceae,42,18,31,Empetrum nigrum,NA,11.41157144,woody,279.276306748081,0.9796,0.21346105600000004,4.8,100
Epilobium angustifolium,Onagraceae,85,43,4,Epilobium angustifolium,NA,28.6675871,non-woody,0.30408778500000005,0.06550000000000002,0.831719514,2207.7599999999993,101
Equisetum arvense,Equisetaceae,89,43,54,Equisetum arvense,NA,20.03828835,non-woody,181.70286413985002,2.2000000000000016e-5,0.348986214,112.81999999999995,102
Equisetum hyemale var. affine,Equisetaceae,40,26,8,Equisetum hyemale,var. affine,20.475420016659125,non-woody,0.4683164929161383,0.3952008650578817,0.36443704188674675,415.60318079894137,103
Equisetum telmateia,Equisetaceae,89,43,26,Equisetum telmateia,NA,19.21136858205343,non-woody,119.49333333333297,2.2000000000000016e-5,1.168182022,50.33,104
Ericameria nauseosa,Compositae,17,8,41,Ericameria nauseosa,NA,20.57577722,woody,183.9279549662226,0.7539,1.105,28.27,105
Eriophorum angustifolium,Cyperaceae,26,8,6,Eriophorum angustifolium,NA,19.2332864,non-woody,0.326532408,0.4922,0.280294636,1159.4,106
Erythronium grandiflorum,Liliaceae,13,13,25,Erythronium grandiflorum,NA,23.47544323285086,non-woody,0.5288700266782073,4.0602,0.3,2135.49,107
Eurybia conspicua,Asteraceae,8,5,8,Eurybia conspicua,NA,20.475420016659125,non-woody,0.4683164929161383,0.3952008650578817,0.36443704188674675,415.60318079894137,108
Fragaria chiloensis,Rosaceae,113,51,25,Fragaria chiloensis,NA,19.29110181350837,non-woody,0.47488402307684346,0.74,0.24,483.4369256380771,109
Fragaria vesca,Rosaceae,113,51,28,Fragaria vesca,NA,18.41902786,non-woody,388.00000000000006,0.3229,0.11388025699999998,1112.1100000000001,110
Fragaria virginiana,Rosaceae,113,51,76,Fragaria virginiana,NA,14.74564927,non-woody,0.470839011,0.4771,0.10693312799999999,1285.8100000000002,111
Frangula purshiana,Rhamnaceae,52,26,62,Frangula purshiana,NA,21.409106546007923,woody,47.20448471665391,37.99360000000001,10.33,2442.3000526042474,112
Frasera montana,Gentianaceae,5,4,1,Frasera montana,NA,20.475420016659125,non-woody,0.4683164929161383,0.3952008650578817,0.36443704188674675,415.60318079894137,113
Fritillaria affinis,Liliaceae,17,13,12,Fritillaria affinis,NA,23.464288610944504,non-woody,0.7071045246779648,2.2,0.8067468851055823,2504.771055198388,114
Fritillaria camschatcensis,Liliaceae,34,21,14,Fritillaria camschatcensis,NA,20.475420016659125,non-woody,0.4683164929161383,0.3952008650578817,0.36443704188674675,415.60318079894137,115
Fritillaria pudica,Liliaceae,16,9,20,Fritillaria pudica,NA,19.1179302769833,non-woody,0.9089583473041116,2.3157,0.3,717.9734235025558,116
Gaillardia aristata,Compositae,12,5,19,Gaillardia aristata,NA,23.96101648116909,non-woody,0.39729908101724415,8.540099999999999,0.6,3367.2030363996187,117
Galium aparine,Rubiaceae,36,20,19,Galium aparine,NA,25.66632034,non-woody,0.139310853,7.752200000000001,0.389570305,159.04999999999998,118
Galium triflorum,Rubiaceae,36,20,19,Galium triflorum,NA,19.05135813,non-woody,0.5729733773311476,0.7321,0.2678668938697657,507.3503009012529,119
Gaultheria shallon,Ericaceae,77,30,82,Gaultheria shallon,NA,8.890435201,woody,64.01533697719422,0.11909999999999997,1.471306473,3019.000000000001,120
Geranium viscosissimum,Geraniaceae,6,5,12,Geranium viscosissimum,NA,25.991175147315186,non-woody,0.4923702421824928,8.489500000000001,0.91,2505.359999999999,121
Geum macrophyllum,Rosaceae,21,18,19,Geum macrophyllum,NA,20.380028610834536,non-woody,0.260357555,1.5367,0.6,1010.9800000000004,122
Geum triflorum,Rosaceae,9,4,26,Geum triflorum,NA,14.19803952,non-woody,0.553871954039327,0.6286,0.45,828.7999999999998,123
Glaux maritima,Primulaceae,4,3,3,Glaux maritima,NA,20.475420016659125,non-woody,0.4683164929161383,0.3952008650578817,0.36443704188674675,415.60318079894137,124
Goodyera oblongifolia,Orchidaceae,17,12,8,Goodyera oblongifolia,NA,24.532226113752216,non-woody,8.408186378557408,0.0014000000000000004,0.8573777454635417,1655.8910719573691,125
Gymnocarpium dryopteris,Cystopteridaceae,4,4,1,Gymnocarpium dryopteris,NA,20.87572485,non-woody,164.14581669571405,2.2000000000000016e-5,0.205303911,4084.0800000000004,126
Hackelia diffusa,Boraginaceae,7,5,1,Hackelia diffusa,NA,20.475420016659125,non-woody,0.4683164929161383,0.3952008650578817,0.36443704188674675,415.60318079894137,127
Hedysarum alpinum,Leguminosae,15,7,12,Hedysarum alpinum,NA,38.3,non-woody,0.4837749612933906,6.0681,0.24494897400000004,1609.3528254146706,128
Heracleum maximum,Apiaceae,102,50,189,Heracleum maximum,NA,22.07916403759461,non-woody,7.277627715269452,6.538600000000001,2.43,12356.380000000003,129
Heuchera cylindrica,Saxifragaceae,17,12,22,Heuchera cylindrica,NA,19.002371498690426,non-woody,13.378029105920698,0.05000000000000001,1.82,3087.967125692619,130
Hierochloe odorata,Poaceae,14,8,92,Hierochloe odorata,NA,19.263608574499518,non-woody,0.19,1.1152,0.350568382,33,131
Holodiscus discolor,Rosaceae,36,26,65,Holodiscus discolor,NA,18.03820416,woody,166.81147520198508,0.11340000000000001,2.928841355,661.4199999999998,132
Hordeum jubatum,Poaceae,17,11,6,Hordeum jubatum,NA,22.54,non-woody,0.24441,1.6304,0.411953429,181.00000000000006,133
Juncus effusus,Juncaceae,9,6,20,Juncus effusus,NA,13.57264734,non-woody,270.228,0.016600000000000007,0.761216973,1402.0000000000002,134
Juniperus communis,Cupressaceae,66,34,112,Juniperus communis,NA,11.44467354,woody,407.42251571599985,11.7085,3.0414365519999995,20.680000000000003,135
Juniperus scopulorum,Cupressaceae,20,18,131,Juniperus scopulorum,NA,13.04468907,woody,89.48311905923762,15.7658,11.458257300000001,196.03858437945857,136
Kalmia microphylla,Ericaceae,13,8,6,Kalmia microphylla,NA,16.010762906358192,woody,66.20286548128361,0.010000000000000004,0.3,332.4827457247749,137
Lappula occidentalis,Boraginaceae,7,5,1,Lappula occidentalis,NA,20.475420016659125,non-woody,0.4683164929161383,0.3952008650578817,0.36443704188674675,415.60318079894137,138
Larix laricina,Pinaceae,11,6,55,Larix laricina,NA,15.28582255,woody,231.42996822008234,1.5223,23.399327270000004,33,139
Larix occidentalis,Pinaceae,15,10,45,Larix occidentalis,NA,16.38228862,woody,161.62938532206388,3.2728999999999995,50.83738162,25.199999999999996,140
Lathyrus japonicus,Leguminosae,22,15,5,Lathyrus japonicus,NA,22.35801078075943,non-woody,0.3581532916900139,31.9982,0.42837748,1166.787942056333,141
Lathyrus nevadensis,Leguminosae,22,15,1,Lathyrus nevadensis,NA,27.406908949440368,non-woody,0.34741730055623454,16.700000000000003,0.6117022633525245,1748.2945938836876,142
Lathyrus ochroleucus,Leguminosae,22,15,5,Lathyrus ochroleucus,NA,32.9,non-woody,0.29835218661590485,16.640000000000004,0.9,2936.2962919675106,143
Lewisia rediviva,Montiaceae,21,13,50,Lewisia rediviva,NA,22.102905133127297,non-woody,0.49155502586513583,2.611,0.5886593691415903,3347.409372222681,144
Leymus cinereus,Poaceae,15,10,18,Leymus cinereus,NA,20.9752037638401,non-woody,6.853015572587451,3.0444,1.52,3223.764005927707,145
Leymus mollis,Poaceae,17,11,18,Leymus mollis,NA,22.371954306731936,non-woody,1.115298166793278,2.880528864666245,1.21,2738.8712024121514,146
Ligusticum canbyi,Apiaceae,11,8,19,Ligusticum canbyi,NA,20.475420016659125,non-woody,0.4683164929161383,0.3952008650578817,0.36443704188674675,415.60318079894137,147
Ligusticum scoticum,Apiaceae,12,4,5,Ligusticum scoticum,NA,23.339153458859695,non-woody,0.32211262418902215,3.7199,0.52,3161.9999999999986,148
Lilium columbianum,Liliaceae,34,22,27,Lilium columbianum,NA,23.538255718492408,non-woody,0.6930076760641949,2.55,0.7863380482001355,2380.9493375002608,149
Linnaea borealis,Caprifoliaceae,8,8,6,Linnaea borealis,NA,9.304296068,non-woody,0.25,1.1894,0.17717347,92.95999999999995,150
Lithospermum ruderale,Boraginaceae,15,6,23,Lithospermum ruderale,NA,25.66043030306215,non-woody,0.30384051019325753,10.2411,0.45,2410.2334007661307,151
Lomatium canbyi,Apiaceae,8,6,8,Lomatium canbyi,NA,24.346263532140785,non-woody,0.5938255795010509,4.5796,0.24,1437.6323843318257,152
Lomatium cous,Apiaceae,14,10,12,Lomatium cous,NA,22.370422117884925,non-woody,0.5568720058073992,4.52,0.24,1390.4262703023835,153
Lomatium dissectum,Apiaceae,10,7,40,Lomatium dissectum,NA,22.39495414442897,non-woody,6.941184405039432,13.923499999999999,1.4,2308.0772449418873,154
Lomatium geyeri,Apiaceae,3,3,1,Lomatium geyeri,NA,20.475420016659125,non-woody,0.4683164929161383,0.3952008650578817,0.36443704188674675,415.60318079894137,155
Lomatium macrocarpum,Apiaceae,10,8,40,Lomatium macrocarpum,NA,20.475420016659125,non-woody,0.4683164929161383,0.3952008650578817,0.36443704188674675,415.60318079894137,156
Lomatium nudicaule,Apiaceae,25,18,54,Lomatium nudicaule,NA,28.146890151821776,non-woody,0.4118951049239547,15.6694,0.7575261054355688,1589.5853170172504,157
Lonicera ciliosa,Caprifoliaceae,36,18,25,Lonicera ciliosa,NA,22.385315063130985,woody,159.5605644489153,12.209999999999999,3.4821908806831394,1419.5211818930422,158
Lonicera involucrata,Caprifoliaceae,68,34,72,Lonicera involucrata,NA,23.773747423053113,woody,201.97253704835487,1.517,3.04,3198.170000000001,159
Lupinus nootkatensis,Leguminosae,18,12,2,Lupinus nootkatensis,NA,26.927379505995905,non-woody,0.4952203457196909,21.544400000000003,0.774596669,1660.476959338569,160
Lupinus polyphyllus,Leguminosae,22,14,6,Lupinus polyphyllus,NA,32.93508767,non-woody,0.16967032299999998,22.455600000000004,1.159253422,1460.1700000000005,161
Lycopodium clavatum,Lycopodiaceae,26,17,11,Lycopodium clavatum,NA,8.344249731,non-woody,380.1900000000001,9.409999999999996e-6,0.12602534899999998,2.39,162
Lysichiton americanus,Araceae,78,44,111,Lysichiton americanus,NA,23.885022585203963,non-woody,0.459194050423699,54.536799999999985,1.1,3289.0765952344614,163
Mahonia aquifolium,Berberidaceae,68,29,58,Mahonia aquifolium,NA,20.475420016659125,non-woody,0.4683164929161383,0.3952008650578817,0.36443704188674675,415.60318079894137,164
Mahonia nervosa,Berberidaceae,68,29,33,Mahonia nervosa,NA,20.475420016659125,non-woody,0.4683164929161383,0.3952008650578817,0.36443704188674675,415.60318079894137,165
Maianthemum dilatatum,Asparagaceae,42,21,15,Maianthemum dilatatum,NA,24.850607142134596,non-woody,0.5205887646438921,24.7677,1.071954446,9049.999999999998,166
Maianthemum racemosum subsp. amplexicaule,Liliaceae,38,21,3,Maianthemum racemosum,subsp. amplexicaule,20.475420016659125,non-woody,0.4683164929161383,0.3952008650578817,0.36443704188674675,415.60318079894137,167
Malus fusca,Rosaceae,95,33,90,Malus fusca,NA,28.491379123430384,woody,137.07930924581797,9.5443,7.463799301,1570.1650136650223,168
Mentha arvensis,Lamiaceae,30,19,208,Mentha arvensis,NA,15.13,non-woody,0.17114856499999997,0.1483,0.293615646,566.0700000000003,169
Menziesia ferruginea,Ericaceae,20,17,9,Menziesia ferruginea,NA,21.786372870494645,woody,56.776794774232485,4.392867917755278,0.8,2279.4846713618253,170
Moneses uniflora,Ericaceae,11,10,14,Moneses uniflora,NA,20.4,non-woody,0.27,0.0020000000000000005,0.053078368999999986,358.33000000000004,171
Monotropa uniflora,Ericaceae,5,4,12,Monotropa uniflora,NA,19.7,non-woody,0.4122496593391156,1.079692451326986,0.2818936462403729,431.71210351714075,172
Myrica gale,Myricaceae,5,5,8,Myrica gale,NA,25.45584412,woody,345.00000000000017,1.1498,1.411935754,144.77999999999994,173
Nicotiana attenuata,Solanaceae,56,32,76,Nicotiana attenuata,NA,19.264001426663036,non-woody,1.1223170442081798,0.13,0.3409229338813356,417.50777274739477,174
Nicotiana quadrivalvis,Solanaceae,56,32,11,Nicotiana quadrivalvis,NA,19.940430311503718,non-woody,0.8513605950820314,0.11000000000000001,0.37224691325077913,353.23116179571156,175
Nicotiana tabacum,Solanaceae,56,32,44,Nicotiana tabacum,NA,18.72132024755424,non-woody,6.353257129472281,0.04279999999999999,1.709378663,9049.999999999998,176
Nuphar lutea,Nymphaeaceae,62,39,1,Nuphar lutea,NA,35.85847,non-woody,0.180974936,48.020599999999995,0.45,24904.200000000023,177
Oemleria cerasiformis,Rosaceae,23,14,26,Oemleria cerasiformis,NA,19.2,woody,36.998305772019016,181.53310000000002,1.949358869,1170.0000000000005,178
Oenanthe sarmentosa,Apiaceae,13,10,17,Oenanthe sarmentosa,NA,21.59688791762933,non-woody,0.4817045557101254,2.7279,0.60261174080444,3887.629159660431,179
Oplopanax horridus,Araliaceae,68,44,157,Oplopanax horridus,NA,20.89808830759008,woody,136.82739979278884,18.639999999999997,3.6706735101988404,1360.5133954267067,180
Opuntia fragilis,Cactaceae,16,13,14,Opuntia fragilis,NA,27.824757022832923,non-woody,0.34020081911512423,21.620799999999996,0.7875645268721014,1873.563735714377,181
Opuntia polyacantha,Cactaceae,16,13,46,Opuntia polyacantha,NA,23.867758607866364,non-woody,0.4018917314535349,7.4187,0.6,3312.33833381535,182
Osmorhiza berteroi,Apiaceae,11,8,23,Osmorhiza berteroi,NA,23.886458894651124,non-woody,0.37771234151215693,5.88,0.6031888901812837,2908.320580325115,183
Osmorhiza occidentalis,Apiaceae,8,6,70,Osmorhiza occidentalis,NA,17.21356374389516,non-woody,0.5177821480209159,13.270100000000003,1.21,345.3199999999998,184
Oxalis oregana,Oxalidaceae,7,5,18,Oxalis oregana,NA,21.322841317583908,non-woody,0.7550696433601581,3.5683,0.04000000000000001,675.0000000000002,185
Oxyria digyna,Polygonaceae,8,4,11,Oxyria digyna,NA,43.67757953,non-woody,0.08999999999999998,0.6359,0.10004055100000002,375.00999999999993,186
Paxistima myrsinites,Celastraceae,10,5,16,Paxistima myrsinites,NA,19.613127913952948,woody,206.2620526518963,0.2562031305286571,1,102.57999999999997,187
Penstemon fruticosus,Plantaginaceae,11,4,27,Penstemon fruticosus,NA,18.03772687612364,woody,68.96031665090436,0.6571,0.6,743.024535008025,188
Perideridia gairdneri,Apiaceae,28,16,39,Perideridia gairdneri,NA,20.064691199637412,non-woody,1.6078770158476403,0.8769,1.21,1418.3036662885477,189
Petasites frigidus,Compositae,21,14,13,Petasites frigidus,NA,24.4059419,non-woody,3.84605834944376,0.7968,0.12500000000000003,721.5032773587676,190
Phalaris arundinacea,Poaceae,21,15,3,Phalaris arundinacea,NA,22.15447907,non-woody,186.84718044575803,0.669,1.342179414,2344.2799999999993,191
Philadelphus lewisii,Hydrangeaceae,22,15,48,Philadelphus lewisii,NA,21.908281335745276,woody,228.16634402244435,0.09920000000000001,3.65,1054.4073568019267,192
Phyllospadix scouleri,Zosteraceae,10,5,4,Phyllospadix scouleri,NA,20.475420016659125,non-woody,0.4683164929161383,0.3952008650578817,0.36443704188674675,415.60318079894137,193
Physocarpus capitatus,Rosaceae,12,11,19,Physocarpus capitatus,NA,22.25105044669987,woody,234.6821538577108,0.7306,2.43,1104.8668599147184,194
Physocarpus malvaceus,Rosaceae,12,11,3,Physocarpus malvaceus,NA,19.403367623554416,woody,143.09952909314222,0.6548,1.792375154,396.23898375929184,195
Picea engelmannii,Pinaceae,43,26,24,Picea engelmannii,NA,9.981690298,woody,80.08902579382917,3.2352,35.29363732,29.39,196
Picea glauca,Pinaceae,43,26,166,Picea glauca,NA,10.63662706,woody,513.4,2.4515,25.8348762,23.720000000000002,197
Picea mariana,Pinaceae,21,13,81,Picea mariana,NA,8.37922413,woody,161.65708597251557,1.1325,19.760111269999996,30.000000000000004,198
Picea sitchensis,Pinaceae,56,31,136,Picea sitchensis,NA,11.17514256,woody,183.83443251929197,2.3678,55.113262530000014,17.99,199
Pinus albicaulis,Pinaceae,31,14,13,Pinus albicaulis,NA,10.35,woody,15.391863115830756,144.23369999999994,16.698853189999998,884.9983155955798,200
Pinus contorta,Pinaceae,81,42,103,Pinus contorta,NA,11.31399704,woody,222.44001897028278,4.2359,21.372521170000002,49.99999999999999,201
Pinus monticola,Pinaceae,43,26,28,Pinus monticola,NA,14.55555556,woody,73.02402639716189,18.079399999999996,63.19708608999997,105.86469659218157,202
Pinus ponderosa,Pinaceae,24,15,138,Pinus ponderosa,NA,11.1695215,woody,0.24639480933333302,35.70869999999999,38.30074010999999,159.99999999999994,203
Plantago major,Plantaginaceae,37,23,93,Plantago major,NA,18.80325799,non-woody,0.15966630000000004,0.2197,0.16658176399999997,4852.230000000003,204
Plantago maritima,Plantaginaceae,6,4,2,Plantago maritima,NA,15.37,non-woody,1.0728798785692921,0.5613,0.192142876,749.4199999999997,205
Platanthera dilatata,Orchidaceae,8,6,2,Platanthera dilatata,NA,21.334541001577776,non-woody,4.694611433633718,0.029999999999999995,1.0904689253707336,1458.4688320045716,206
Platanthera stricta,Orchidaceae,8,6,1,Platanthera stricta,NA,20.475420016659125,non-woody,0.4683164929161383,0.3952008650578817,0.36443704188674675,415.60318079894137,207
Polypodium glycyrrhiza,Polypodiaceae,39,30,33,Polypodium glycyrrhiza,NA,20.475420016659125,non-woody,0.4683164929161383,0.3952008650578817,0.36443704188674675,415.60318079894137,208
Polystichum munitum,Dryopteridaceae,71,29,59,Polystichum munitum,NA,19.157796111743934,non-woody,37.335911309013085,1.939999999999999e-5,1.06,832.8124154392033,209
Populus balsamifera,Salicaceae,94,51,17,Populus balsamifera,NA,17.56593597,woody,185.47947662774126,1.0156,18.33734857,2773.999999999999,210
Populus balsamifera subsp. trichocarpa,Salicaceae,94,51,92,Populus balsamifera,subsp. trichocarpa,20.475420016659125,non-woody,0.4683164929161383,0.3952008650578817,0.36443704188674675,415.60318079894137,211
Populus tremuloides,Salicaceae,55,32,117,Populus tremuloides,NA,20.80417917,woody,365.3545907043999,0.11699999999999999,16.70656374,2066.58,212
Potamogeton natans,Potamogetonaceae,9,7,2,Potamogeton natans,NA,38.11417833,non-woody,0.20647396099999998,5.7488,0.1334681635,2369.5,213
Prunus emarginata,Rosaceae,80,35,95,Prunus emarginata,NA,21.32928707351004,woody,44.16034856850348,43.391200000000005,7.151135165,2467.609999999999,214
Prunus pensylvanica,Rosaceae,80,35,52,Prunus pensylvanica,NA,23.47781293,woody,43.9522249335401,39.01310000000001,11.10910705,2047.6999999999996,215
Prunus virginiana,Rosaceae,46,20,165,Prunus virginiana,NA,18.85670178,woody,34.824690930250554,65.81449999999997,5.995392840000001,975.0800000000004,216
Pseudoroegneria spicata,Poaceae,11,9,2,Pseudoroegneria spicata,NA,20.475420016659125,non-woody,0.4683164929161383,0.3952008650578817,0.36443704188674675,415.60318079894137,217
Pseudotsuga menziesii,Pinaceae,86,43,87,Pseudotsuga menziesii,NA,11.84097595,woody,111.42214237612181,12.604800000000001,65.27951122999997,31.169999999999995,218
Pteridium aquilinum,Dennstaedtiaceae,90,40,80,Pteridium aquilinum,NA,25.01895541,non-woody,298.00000000000006,2.2000000000000016e-5,1.611970256,139999.9999999999,219
Pterospora andromedea,Ericaceae,5,5,15,Pterospora andromedea,NA,20.3743433531304,non-woody,7.6447708856731005,0.0034000000000000007,0.8561913372072144,1158.8544613654085,220
Purshia tridentata,Rosaceae,7,3,59,Purshia tridentata,NA,22.04273525,woody,121.80077139069,23.600500000000004,1.82,29.000000000000004,221
Pyrola asarifolia,Ericaceae,7,7,7,Pyrola asarifolia,NA,13,non-woody,3.8282509917563203,0.007000000000000003,0.2845868080114666,223.28961833392637,222
Quercus garryana,Fagaceae,17,11,26,Quercus garryana,NA,18.39407132883181,woody,36.22072263202482,4405.279199999998,20.69145058,2354.4261880741774,223
Ranunculus acris,Ranunculaceae,10,4,14,Ranunculus acris,NA,25.73587504,non-woody,186.15057333990507,1.4466,0.351530095,595.1899999999999,224
Ranunculus glaberrimus,Ranunculaceae,20,9,6,Ranunculus glaberrimus,NA,20.894169218169733,non-woody,0.46475395124136193,4.7958,0.15,1322.4738265323072,225
Ranunculus occidentalis,Ranunculaceae,10,4,2,Ranunculus occidentalis,NA,23.637230799782625,non-woody,0.6700075012231449,2.4886,0.8118075063340162,2547.9872068839013,226
Rhodiola rosea,Crassulaceae,10,4,12,Rhodiola rosea,NA,3.121289024,non-woody,104.24999999999999,0.15,0.16666666666666702,167.00000000000006,227
Rhododendron albiflorum,Ericaceae,5,3,12,Rhododendron albiflorum,NA,22.424836562172885,woody,221.26435849779767,0.0812,1.82,1233.48573876227,228
Rhododendron columbianum,Ericaceae,92,43,2,Rhododendron columbianum,NA,20.475420016659125,non-woody,0.4683164929161383,0.3952008650578817,0.36443704188674675,415.60318079894137,229
Rhododendron groenlandicum,Ericaceae,92,43,96,Rhododendron groenlandicum,NA,20.475420016659125,non-woody,0.4683164929161383,0.3952008650578817,0.36443704188674675,415.60318079894137,230
Rhus glabra,Anacardiaceae,7,6,108,Rhus glabra,NA,17.72816213,woody,41.00164505,8.3723,2.847025404,7137.600000000003,231
Ribes aureum,Grossulariaceae,9,6,22,Ribes aureum,NA,22.694527837202568,woody,208.76699345980728,2.3226,1.775443065,1400.7027967262304,232
Ribes bracteosum,Grossulariaceae,52,26,24,Ribes bracteosum,NA,21.786372870494645,woody,56.776794774232485,4.392867917755278,0.8,2279.4846713618253,233
Ribes cereum,Grossulariaceae,16,8,21,Ribes cereum,NA,24.853193768916473,woody,110.44962117883908,1.7009,0.91,2416.7311546715846,234
Ribes divaricatum,Grossulariaceae,89,41,40,Ribes divaricatum,NA,22.8,woody,204.603869483215,2.06,3.2,1198,235
Ribes glandulosum,Grossulariaceae,52,21,6,Ribes glandulosum,NA,21.874411075902554,woody,56.11685538900363,5.244840096217551,0.8,2422.52,236
Ribes hudsonianum,Grossulariaceae,34,19,24,Ribes hudsonianum,NA,19.2184101820038,woody,132.06852049513242,0.5273,1.52,494.9371401764396,237
Ribes inerme,Grossulariaceae,89,41,7,Ribes inerme,NA,34.73642804547958,woody,161.57694506105935,1.4998,2.43,1874.4146306092985,238
Ribes lacustre,Grossulariaceae,75,31,40,Ribes lacustre,NA,20.457820646718517,woody,89.54698564804231,0.8954,0.91,1072.1727268171164,239
Ribes laxiflorum,Grossulariaceae,52,21,19,Ribes laxiflorum,NA,21.786372870494645,woody,56.776794774232485,4.392867917755278,0.8,2279.4846713618253,240
Ribes lobbii,Grossulariaceae,89,41,16,Ribes lobbii,NA,20.475420016659125,non-woody,0.4683164929161383,0.3952008650578817,0.36443704188674675,415.60318079894137,241
Ribes oxyacanthoides,Grossulariaceae,89,41,13,Ribes oxyacanthoides,NA,26.697713132945484,woody,205.40144604136947,1.22,3.455006720682772,1658.0865439187019,242
Ribes sanguineum,Grossulariaceae,26,11,17,Ribes sanguineum,NA,25.4,woody,176.80091341249334,2.4805,1.827626261,3294.9999999999973,243
Ribes triste,Grossulariaceae,19,9,22,Ribes triste,NA,21.847750821984594,woody,63.977053419205916,2.1,0.6,2000.1782416472215,244
Rosa acicularis,Rosaceae,164,57,67,Rosa acicularis,NA,10.64706532,woody,28.60074904403615,12.436199999999998,1.21,401.6459157557634,245
Rosa gymnocarpa,Rosaceae,28,11,33,Rosa gymnocarpa,NA,23.01554136092045,woody,49.30683004184808,19.8729,0.91,2091.414160477196,246
Rosa nutkana,Rosaceae,164,57,71,Rosa nutkana,NA,25.10180077170179,woody,146.58812670277197,11.837900000000001,3.04,1517.0341261699732,247
Rosa pisocarpa,Rosaceae,164,57,25,Rosa pisocarpa,NA,21.918417894722744,woody,61.186959924581366,4.6664,0.91,2405.1029965492185,248
Rosa woodsii,Rosaceae,164,57,60,Rosa woodsii,NA,14.91,woody,57.30690680645345,7.923499999999999,0.995671983,714.8999999999997,249
Rubus arcticus,Rosaceae,17,7,14,Rubus arcticus,NA,19.620645740794032,non-woody,1.7390388900107783,1.67,0.3,604.8470016997798,250
Rubus chamaemorus,Rosaceae,27,14,33,Rubus chamaemorus,NA,21.87553983,non-woody,0.259069653,8.0548,0.10348729799999999,1923.7900000000004,251
Rubus idaeus,Rosaceae,77,42,72,Rubus idaeus,NA,23.31509906,woody,192.62560143365602,1.7657,0.939938363,2198.0899999999997,252
Rubus leucodermis,Rosaceae,66,30,68,Rubus leucodermis,NA,15.489833119596145,woody,51.833871835977284,0.9941,0.3,266.1216225610008,253
Rubus parviflorus,Rosaceae,152,49,103,Rubus parviflorus,NA,21.9,woody,84.26494576889753,1.1531,1.475804865,15256.999999999996,254
Rubus pedatus,Rosaceae,21,12,5,Rubus pedatus,NA,20.475420016659125,non-woody,0.4683164929161383,0.3952008650578817,0.36443704188674675,415.60318079894137,255
Rubus pubescens,Rosaceae,12,7,13,Rubus pubescens,NA,19.32149063,woody,139.22587786564375,5.900634339907648,2.9702383053550654,4175.160000000003,256
Rubus spectabilis,Rosaceae,170,41,99,Rubus spectabilis,NA,23.7824276108412,woody,201.99023073271763,3.158,3.079363449,2300.6594835852625,257
Rubus ursinus,Rosaceae,65,27,24,Rubus ursinus,NA,20.1,woody,94.36334521338986,1.9077,1.2,1793.0000000000002,258
Rumex aquaticus,Polygonaceae,35,24,25,Rumex aquaticus,NA,35.52,non-woody,0.14,2.1067,1.074755854,21992.289999999997,259
Sagittaria cuneata,Alismataceae,34,17,13,Sagittaria cuneata,NA,21.66673936738097,non-woody,0.7275206095989464,1.1629,0.79,1980.4488531615896,260
Sagittaria latifolia,Alismataceae,34,17,34,Sagittaria latifolia,NA,19.738593831150247,non-woody,4.475390589745803,6.750000000000001,1.49,1321.5699999999997,261
Salix bebbiana,Salicaceae,118,49,22,Salix bebbiana,NA,21.1,woody,253.73011319043442,0.18000000000000002,4.36592131,1001.3672900420386,262
Salix discolor,Salicaceae,118,49,27,Salix discolor,NA,23.692366580930763,woody,279.28220455007886,0.32,6.9828361,1484.5299999999993,263
Salix exigua,Salicaceae,17,7,57,Salix exigua,NA,28.090704871361936,woody,186.96449473172143,0.0621,5.513619501,1571.719008917334,264
Salix hookeriana,Salicaceae,118,49,10,Salix hookeriana,NA,26.775362589716284,woody,250.19386268106152,0.19477704873639173,7.920000000000001,1595.0644163653485,265
Salix lucida,Salicaceae,39,25,8,Salix lucida,NA,29.6,woody,221.82258861334176,0.08249999999999999,10.81287166,1974.0000000000007,266
Salix scouleriana,Salicaceae,118,49,33,Salix scouleriana,NA,24.997979872359707,woody,234.67572077029038,0.06239999999999999,8.479071928999998,1458.6177926301152,267
Salix sitchensis,Salicaceae,118,49,28,Salix sitchensis,NA,28.4315268524841,woody,194.19954833411037,0.0621,7.01,1599.6974471220874,268
Sambucus nigra,Adoxaceae,38,23,13,Sambucus nigra,NA,35.90688506,woody,161.55174082934096,3.1067000000000005,4.513290405,1060.6000000000001,269
Sambucus racemosa,Adoxaceae,97,43,72,Sambucus racemosa,NA,52.356573,woody,176.7616666666669,1.8391,2.439435479,1868.0200000000002,270
Schoenoplectus acutus,Cyperaceae,59,31,70,Schoenoplectus acutus,NA,20.625178279581476,non-woody,15.956870596070555,2.19,2.98,3585.0349467693363,271
Schoenoplectus americanus,Cyperaceae,8,6,15,Schoenoplectus americanus,NA,13.27906556,non-woody,0.7331215203568389,1.6931,0.15284783421619746,196.70396534779798,272
Scirpus microcarpus,Cyperaceae,22,16,9,Scirpus microcarpus,NA,15.01430186,non-woody,0.360957598,0.10820000000000002,1.246682581,5839.170000000002,273
Sedum divergens,Crassulaceae,16,11,11,Sedum divergens,NA,20.475420016659125,non-woody,0.4683164929161383,0.3952008650578817,0.36443704188674675,415.60318079894137,274
Shepherdia canadensis,Elaeagnaceae,94,46,127,Shepherdia canadensis,NA,33,woody,118.81595434142973,8.135200000000001,1.82,1540.7002131114284,275
Sium suave,Apiaceae,12,10,21,Sium suave,NA,1.7,non-woody,4.946872479362847,0.8,0.22545992997165312,125.33157921752085,276
Solidago canadensis,Compositae,13,5,29,Solidago canadensis,NA,16.25032178,non-woody,0.284464623,0.07520000000000002,0.816947234,894.72,277
Sorbus scopulina,Rosaceae,50,27,5,Sorbus scopulina,NA,22.57771742365102,woody,117.71898248602305,3.0405999999999995,4.052776826,4811.999999999999,278
Sorbus sitchensis,Rosaceae,50,27,13,Sorbus sitchensis,NA,20.45865472,woody,192.57287503161052,3.222,4.713407504000001,1185.1721214395502,279
Spiraea betulifolia,Rosaceae,17,10,13,Spiraea betulifolia,NA,19.180942683719625,woody,95.20498008831204,0.2917,0.91,588.3164924277839,280
Spiraea douglasii,Rosaceae,14,13,5,Spiraea douglasii,NA,20.501107631334477,woody,198.30746187752786,0.1532,1.787456293,468.11286881384797,281
Streptopus amplexifolius,Liliaceae,42,19,24,Streptopus amplexifolius,NA,22.59842494056888,non-woody,0.6485816388195419,2.0416,0.579889,2957.039999999999,282
Symphoricarpos albus,Caprifoliaceae,84,34,79,Symphoricarpos albus,NA,14.50379607,woody,358.88500000000005,6.742000000000001,1.560812225,1318.8700000000003,283
Taxus brevifolia,Taxaceae,65,39,127,Taxus brevifolia,NA,14.874062997115686,woody,124.51812998886057,29.928899999999995,12.734896270000002,40,284
Thalictrum occidentale,Ranunculaceae,3,3,14,Thalictrum occidentale,NA,22.76946753825983,non-woody,0.302582814852011,3.7000000000000006,0.5200587302066423,3031.845713918511,285
Thuja plicata,Cupressaceae,154,55,368,Thuja plicata,NA,11.83504708,woody,128.42639739725274,1.2858,48.291830559999994,39.035778855921635,286
Toxicodendron rydbergii,Anacardiaceae,21,9,3,Toxicodendron rydbergii,NA,20.475420016659125,non-woody,0.4683164929161383,0.3952008650578817,0.36443704188674675,415.60318079894137,287
Trifolium wormskioldii,Leguminosae,16,12,21,Trifolium wormskioldii,NA,19.915129957764414,non-woody,1.1445013666573813,0.6956,1.06,1151.286648438504,288
Triglochin maritima,Juncaginaceae,8,7,6,Triglochin maritima,NA,21.60815614841677,non-woody,0.125570724,0.5842,0.40165977,394.6399999999998,289
Trillium ovatum,Melanthiaceae,16,11,10,Trillium ovatum,NA,24.298842087537217,non-woody,0.5890847277153349,11.42,0.6782897771816945,3249.4856555304823,290
Trillium petiolatum,Liliaceae,16,11,1,Trillium petiolatum,NA,20.475420016659125,non-woody,0.4683164929161383,0.3952008650578817,0.36443704188674675,415.60318079894137,291
Triteleia grandiflora,Asparagaceae,9,6,11,Triteleia grandiflora,NA,23.67632901545531,non-woody,0.8306221250736673,1.2,0.6,1573.763471100104,292
Tsuga heterophylla,Pinaceae,86,41,160,Tsuga heterophylla,NA,11.9005052,woody,91.84724380271861,1.7356,45.14083248000001,74.99999999999997,293
Tsuga mertensiana,Pinaceae,86,41,19,Tsuga mertensiana,NA,11.97012949,woody,113.5426270829567,3.9082999999999997,38.1,46.764336601031744,294
Typha latifolia,Typhaceae,107,43,254,Typha latifolia,NA,14.43017547,non-woody,0.191656794,0.05759999999999999,1.525828105,17369.98999999999,295
Urtica dioica,Urticaceae,84,53,63,Urtica dioica,NA,42.91725378,non-woody,186.13777455562501,0.1399,0.88302413,1552.7399999999998,296
Vaccinium caespitosum,Ericaceae,59,29,25,Vaccinium caespitosum,NA,12.691981851643634,woody,74.80177151332612,0.10159999999999998,0.20215,176.32000000000008,297
Vaccinium membranaceum,Ericaceae,85,41,43,Vaccinium membranaceum,NA,17.626340680391312,woody,101.50525797612038,0.1604,1.37,325.40893751841054,298
Vaccinium myrtilloides,Ericaceae,37,18,40,Vaccinium myrtilloides,NA,15.78529749,woody,133.455467820369,0.2,4.389760814,293.99000000000007,299
Vaccinium myrtillus,Ericaceae,11,7,1,Vaccinium myrtillus,NA,16.39812025,woody,246.71350417525997,0.2917,0.223988528,145.27,300
Vaccinium ovalifolium,Ericaceae,97,46,75,Vaccinium ovalifolium,NA,21.14193104104792,woody,263.44793869790976,0.2734,2.43,1265.780810277684,301
Vaccinium ovatum,Ericaceae,21,10,32,Vaccinium ovatum,NA,6.841052551,woody,67.42520583002448,2.218601523583921,2.43,379.93065553524735,302
Vaccinium oxycoccos,Ericaceae,75,37,59,Vaccinium oxycoccos,NA,15.33,woody,279.4568001069671,0.717,0.444145533,16.199999999999996,303
Vaccinium parvifolium,Ericaceae,82,37,58,Vaccinium parvifolium,NA,20.769628965387298,woody,248.47437364476872,0.18950000000000003,3.65,973.0315086531796,304
Vaccinium scoparium,Ericaceae,11,7,13,Vaccinium scoparium,NA,21.303050348848405,woody,76.04300874110906,1.6176,0.6,2171.026242253726,305
Vaccinium uliginosum,Ericaceae,58,26,36,Vaccinium uliginosum,NA,21.85698336,woody,390.76467509333315,0.2143,0.172680858,81.45999999999997,306
Vaccinium vitis-idaea,Ericaceae,36,18,30,Vaccinium vitis-idaea,NA,10.57435117,woody,143.05321630665674,0.3088,0.139586675,75.29999999999998,307
Valeriana edulis,Caprifoliaceae,14,8,18,Valeriana edulis,NA,24.09265929589523,non-woody,0.3191660790324615,4.315547996950335,0.5357124359931213,2349.5299999999993,308
Valeriana sitchensis,Caprifoliaceae,14,7,25,Valeriana sitchensis,NA,22.677017887602304,non-woody,2.2300706173899574,1.7373,0.9341742214707506,2653.979194099454,309
Veratrum viride,Melanthiaceae,59,38,121,Veratrum viride,NA,22.934174311554905,non-woody,1.4079286764619676,1.33,0.8297340116517545,2240.677456847891,310
Viburnum edule,Adoxaceae,96,41,63,Viburnum edule,NA,22.070569637382093,woody,20.65304770503341,34.69169999999999,0.6,2408.66,311
Viburnum opulus,Adoxaceae,96,41,15,Viburnum opulus,NA,21.57677792,woody,167.87243705303806,27.4292,2.8083834020000005,3016.080000000002,312
Vicia nigricans subsp. gigantea,Fabaceae,23,13,8,Vicia nigricans,subsp. gigantea,20.475420016659125,non-woody,0.4683164929161383,0.3952008650578817,0.36443704188674675,415.60318079894137,313
Viola adunca,Violaceae,8,7,9,Viola adunca,NA,15.87450787,non-woody,0.61245006772971,0.79,0.029800000000000004,157.62999999999997,314
Xerophyllum tenax,Melanthiaceae,27,20,26,Xerophyllum tenax,NA,21.443501197440916,non-woody,9.417851797538317,2.0447,1.52,2963.092860146971,315
Zigadenus elegans,Liliaceae,17,13,12,Zigadenus elegans,NA,20.475420016659125,non-woody,0.4683164929161383,0.3952008650578817,0.36443704188674675,415.60318079894137,316
Zigadenus venenosus,Liliaceae,17,13,30,Zigadenus venenosus,NA,20.475420016659125,non-woody,0.4683164929161383,0.3952008650578817,0.36443704188674675,415.60318079894137,317
Zostera marina,Zosteraceae,26,16,12,Zostera marina,NA,25.17127112431793,non-woody,0.11000000000000001,4.298365168677582,0.547722558,3161.9999999999986,318
