Synonym,Family,N_Names,N_Langs,N_Uses,Species,Ssp_var,Nmass (mg/g),Woodiness,Plant height (m),Leaf area (mm2),LDMC (g/g)
Abies amabilis,Pinaceae,35,20,27,Abies amabilis,NA,9.448975476,woody,45.95737787000001,158.71918502615597,28.211252867676055
Abies grandis,Pinaceae,50,25,76,Abies grandis,NA,14.6,woody,54.9171867,180,26.907973344880002
Abies lasiocarpa,Pinaceae,54,31,105,Abies lasiocarpa,NA,13.43892689,woody,26.65503063,35.04,51.83756373504354
Acer circinatum,Sapindaceae,23,18,26,Acer circinatum,NA,19.923585114051274,woody,23.590831160000004,3019.000000000001,40.629976513528504
Acer glabrum,Sapindaceae,36,27,28,Acer glabrum,NA,21.416323796252186,woody,11.267881289999998,3280.529999999999,43.04579243469595
Acer macrophyllum,Sapindaceae,38,23,64,Acer macrophyllum,NA,26.4,woody,22.451222949999995,11632.910000000003,34.816296930531955
Achillea millefolium,Compositae,85,48,266,Achillea millefolium,NA,20.54814349,non-woody,0.313157943,627.23,87.75111368512577
Achlys triphylla,Berberidaceae,7,6,9,Achlys triphylla,NA,20.810043076505796,non-woody,0.6765124900542461,1778.8525754153648,1.9099825607213723
Actaea rubra,Ranunculaceae,22,13,22,Actaea rubra,NA,18.8,non-woody,1,1252.2900000000002,1.8252221065875536
Adiantum aleuticum,Pteridaceae,25,16,11,Adiantum aleuticum,NA,20.810043076505796,non-woody,0.6765124900542461,1778.8525754153648,1.9099825607213723
Agoseris glauca,Compositae,8,5,1,Agoseris glauca,NA,17.17,non-woody,0.181659021,520,1.8126223351799422
Allium cernuum,Amaryllidaceae,52,36,69,Allium cernuum,NA,18.209106419705282,non-woody,0.20044236351049832,480.6193425119527,1.8137408947776927
Allium geyeri,Amaryllidaceae,11,8,7,Allium geyeri,NA,17.59467490914459,non-woody,0.056200000000000014,117.96999999999998,3.499273948105126
Allium schoenoprasum subsp. sibiricum,Liliaceae,12,7,6,Allium schoenoprasum,subsp. sibiricum,18.209106419705282,non-woody,0.20044236351049832,480.6193425119527,1.8137408947776927
Alnus incana subsp. tenuifolia,Betulaceae,66,35,45,Alnus incana,subsp. tenuifolia,21.9,woody,5.831083938161831,1542.5612744317905,43.506207608526665
Alnus rubra,Betulaceae,56,33,116,Alnus rubra,NA,23.73410952,woody,30.98284191,716.3115965884106,37.04907697229871
Alnus viridis subsp. crispa,Betulaceae,66,35,26,Alnus viridis,subsp. crispa,21.50345721234293,non-woody,1.6463118041361737,2258.195488761452,8.580721613465778
Alnus viridis subsp. sinuata,Betulaceae,66,35,8,Alnus viridis,subsp. sinuata,21.50345721234293,non-woody,1.6463118041361737,2258.195488761452,8.580721613465778
Amelanchier alnifolia,Rosaceae,131,45,164,Amelanchier alnifolia,NA,18.2,woody,3.8628324399999996,964.6100000000005,37.70947518118512
Anaphalis margaritacea,Compositae,15,10,43,Anaphalis margaritacea,NA,17.76384616,non-woody,0.633818409,1465.0200000000004,0.296254214
Anemone multifida,Ranunculaceae,12,8,1,Anemone multifida,NA,20.662142264333973,non-woody,0.6,1732.562888648003,1.8125359742217972
Angelica genuflexa,Apiaceae,17,10,11,Angelica genuflexa,NA,20.810043076505796,non-woody,0.6765124900542461,1778.8525754153648,1.9099825607213723
Angelica lucida,Apiaceae,13,5,25,Angelica lucida,NA,20.810043076505796,non-woody,0.6765124900542461,1778.8525754153648,1.9099825607213723
Antennaria neglecta,Compositae,4,4,6,Antennaria neglecta,NA,14.70791148,non-woody,0.3,278.08000000000004,1.7221695940897783
Apocynum androsaemifolium,Apocynaceae,33,20,54,Apocynum androsaemifolium,NA,17.2556779,non-woody,0.735820838,7156.820000000001,0.3345541269999999
Apocynum cannabinum,Apocynaceae,33,20,99,Apocynum cannabinum,NA,17.24,non-woody,0.95,1806.0123211111977,1.6138238429473688
Aquilegia formosa,Ranunculaceae,29,20,31,Aquilegia formosa,NA,21.619145841592168,non-woody,0.91,1930.418824540169,2.0468536231518644
Aralia nudicaulis,Araliaceae,14,11,79,Aralia nudicaulis,NA,20.1078031,non-woody,0.45,4321.2000000000035,1.6679140617545447
Arbutus menziesii,Ericaceae,15,12,61,Arbutus menziesii,NA,11.52874754,woody,19.718062110000005,4276.550000000001,38.004532562519735
Arctostaphylos uva-ursi,Ericaceae,87,49,186,Arctostaphylos uva-ursi,NA,10.72919761,woody,0.269174936,172.17000000000002,17.972174933976405
Arctous alpina,Ericaceae,11,6,4,Arctous alpina,NA,16.36581804,woody,2.845159620144449,219.00000000000003,32.257309567822354
Argentina anserina,Rosaceae,49,25,16,Argentina anserina,NA,20.810043076505796,non-woody,0.6765124900542461,1778.8525754153648,1.9099825607213723
Argentina egedii,Rosaceae,49,25,19,Argentina egedii,NA,20.810043076505796,non-woody,0.6765124900542461,1778.8525754153648,1.9099825607213723
Arnica cordifolia,Compositae,3,4,5,Arnica cordifolia,NA,19.560241147701653,non-woody,0.45,1283.8299999999995,1.665837265964547
Artemisia dracunculus,Compositae,12,7,99,Artemisia dracunculus,NA,25.48,non-woody,0.788412343,87.71999999999997,3.6784607807077676
Artemisia frigida,Compositae,14,12,90,Artemisia frigida,NA,27.16450345,non-woody,0.6,230.85000000000005,1.4068685327998478
Artemisia ludoviciana,Compositae,12,7,98,Artemisia ludoviciana,NA,18.90475139,non-woody,0.48641546,262.2099999999999,0.311672567
Artemisia tilesii,Compositae,7,4,33,Artemisia tilesii,NA,20.449774962003737,non-woody,1.9,608.0932090023158,7.051659207615018
Artemisia tridentata,Compositae,16,12,216,Artemisia tridentata,NA,15.17575567,woody,1.807239194,37.71999999999999,45.81957249837446
Aruncus dioicus,Rosaceae,20,16,10,Aruncus dioicus,NA,41.37404677,non-woody,1.103405285,97188.52000000005,0.194935887
Asarum caudatum,Aristolochiaceae,23,12,28,Asarum caudatum,NA,20.810043076505796,non-woody,0.6765124900542461,1778.8525754153648,1.9099825607213723
Asclepias speciosa,Apocynaceae,5,4,61,Asclepias speciosa,NA,21.415593116807536,non-woody,1.82,2243.9373735648887,8.718165871126704
Athyrium filix-femina var. cyclosorum,Dryopteridaceae,30,19,1,Athyrium filix-femina,var. cyclosorum,20.810043076505796,non-woody,0.6765124900542461,1778.8525754153648,1.9099825607213723
Balsamorhiza sagittata,Compositae,31,13,109,Balsamorhiza sagittata,NA,20.67080444294494,non-woody,0.6,6992.420000000004,1.6614564156207772
Betula nana,Betulaceae,13,11,7,Betula nana,NA,22.6860961,woody,0.394932857,51.78000000000001,397.52528115384587
Betula occidentalis,Betulaceae,8,7,12,Betula occidentalis,NA,18.588887850250327,woody,12.345039490000001,578.4022427193497,54.14585705770955
Betula papyrifera,Betulaceae,56,35,174,Betula papyrifera,NA,23.83371477,woody,14.69789012,2536.38,400.62000000000006
Betula pumila subsp. glandulifera,Betulaceae,13,11,3,Betula pumila,subsp. glandulifera,21.408660005612912,non-woody,1.3834884747260354,1724.7530267407742,10.521517970726817
Blechnum spicant,Blechnaceae,16,12,17,Blechnum spicant,NA,18.646507195243636,non-woody,0.371950331,649.3381003235726,1.6440598205191954
Boschniakia hookeri,Orobanchaceae,8,5,3,Boschniakia hookeri,NA,20.810043076505796,non-woody,0.6765124900542461,1778.8525754153648,1.9099825607213723
Boschniakia rossica,Orobanchaceae,8,5,1,Boschniakia rossica,NA,20.810043076505796,non-woody,0.6765124900542461,1778.8525754153648,1.9099825607213723
Bromus carinatus,Poaceae,5,6,4,Bromus carinatus,NA,20.98480407937052,non-woody,1.205,1716.0000000000002,0.23272
Calamagrostis rubescens,Poaceae,18,12,9,Calamagrostis rubescens,NA,21.619145841592168,non-woody,0.91,1930.418824540169,2.0468536231518644
Calochortus macrocarpus,Liliaceae,10,8,17,Calochortus macrocarpus,NA,20.321572672111678,non-woody,0.54,1639.9935898458896,1.6843891677481133
Calypso bulbosa,Orchidaceae,16,10,1,Calypso bulbosa,NA,20.810043076505796,non-woody,0.6765124900542461,1778.8525754153648,1.9099825607213723
Camassia leichtlinii,Asparagaceae,65,33,12,Camassia leichtlinii,NA,20.810043076505796,non-woody,0.6789949793433141,1778.8525754153648,1.9099825607213723
Camassia quamash,Asparagaceae,65,16,50,Camassia quamash,NA,20.785540147685904,non-woody,0.7,1783.0001990250448,1.934344805908995
Campanula rotundifolia,Campanulaceae,5,4,10,Campanula rotundifolia,NA,19.69810933,non-woody,0.227134281,62.66999999999999,236.96265356272698
Carex obnupta,Cyperaceae,46,26,10,Carex obnupta,NA,21.208488453618575,non-woody,0.91,1925.377860084977,1.6252281262392982
Carex rostrata,Cyperaceae,46,26,4,Carex rostrata,NA,19.26761453,non-woody,0.468669026,1698.7700000000004,0.23774622899999998
Castilleja hispida,Orobanchaceae,21,15,3,Castilleja hispida,NA,19.551853159731653,non-woody,0.45,1330.031859545859,1.6713071009594673
Castilleja miniata,Orobanchaceae,21,15,19,Castilleja miniata,NA,20.813424263918545,non-woody,0.6629234913194416,1772.8970728055247,1.902000220782325
Ceanothus sanguineus,Rhamnaceae,23,10,5,Ceanothus sanguineus,NA,20.538872144967996,woody,3.04,1522.6342100042011,42.610539742321315
Ceanothus velutinus,Rhamnaceae,23,10,5,Ceanothus velutinus,NA,20,woody,3.0199337739999996,1482.8049086729948,41.40417189204828
Chamaecyparis nootkatensis,Cupressaceae,42,47,62,Chamaecyparis nootkatensis,NA,20.810043076505796,non-woody,0.6765124900542461,1778.8525754153648,1.9099825607213723
Chenopodium capitatum,Amaranthaceae,15,10,12,Chenopodium capitatum,NA,18.642857385631373,non-woody,0.378224476,641.4394067835858,1.633096652851457
Chimaphila umbellata,Ericaceae,16,11,70,Chimaphila umbellata,NA,11.8577412,woody,0.09563748900000002,122.50999999999999,25.502516307104653
Cicuta douglasii,Apiaceae,28,19,31,Cicuta douglasii,NA,21.296994805882054,non-woody,1.82,3573.045834247995,5.886686108562587
Cicuta virosa,Apiaceae,28,19,6,Cicuta virosa,NA,23.879665986723264,non-woody,0.876134937,17017.660000000007,0.12123720099999998
Cirsium arvense,Compositae,44,28,11,Cirsium arvense,NA,24.72195493,non-woody,0.652958113,5570.160000000002,105.70997219981496
Cirsium brevistylum,Compositae,44,28,6,Cirsium brevistylum,NA,21.89847182896649,non-woody,0.8980226340294871,2610.9175423887436,2.5142807828572025
Cirsium edule,Asteraceae,44,28,10,Cirsium edule,NA,21.89847182896649,non-woody,0.8980226340294871,2610.9175423887436,2.5142807828572025
Cirsium hookerianum,Asteraceae,44,28,6,Cirsium hookerianum,NA,21.89847182896649,non-woody,0.8980226340294871,2610.9175423887436,2.5142807828572025
Cirsium undulatum,Compositae,44,28,16,Cirsium undulatum,NA,23.55,non-woody,1.2,2615.38328957903,3.644327959691682
Cirsium vulgare,Compositae,44,28,20,Cirsium vulgare,NA,17.26,non-woody,0.92238856,6798.489999999998,0.131397251
Claytonia lanceolata,Montiaceae,30,18,13,Claytonia lanceolata,NA,17.587969468080548,non-woody,0.373015003531991,76.72000000000001,2.634477729229212
Claytonia sibirica,Montiaceae,17,7,14,Claytonia sibirica,NA,23.925994638183628,non-woody,0.35663531700000006,316.00000000000006,0.07680999999999999
Clematis columbiana,Ranunculaceae,10,6,3,Clematis columbiana,NA,20.32219440933608,woody,1.5,1616.5568662361716,28.440273101200706
Clematis ligusticifolia,Ranunculaceae,13,7,59,Clematis ligusticifolia,NA,19.56299377853798,woody,0.3,3212.999999999998,14.372293146451531
Clematis occidentalis,Ranunculaceae,10,6,3,Clematis occidentalis,NA,20.748765234790035,woody,2.433317058303033,1599.9700228924573,42.60541563637225
Clintonia uniflora,Liliaceae,10,9,10,Clintonia uniflora,NA,20.810043076505796,non-woody,0.6765124900542461,1778.8525754153648,1.9099825607213723
Comandra umbellata,Santalaceae,8,4,7,Comandra umbellata,NA,16.98419965,non-woody,0.282842712,96.61999999999998,3.934219771330213
Comarum palustre,Rosaceae,3,3,4,Comarum palustre,NA,13.36,non-woody,0.371233216,2197.209999999999,0.25
Conioselinum gmelinii,Apiaceae,29,14,15,Conioselinum gmelinii,NA,20.810043076505796,non-woody,0.6765124900542461,1778.8525754153648,1.9099825607213723
Cornus canadensis,Cornaceae,60,30,40,Cornus canadensis,NA,18.50784993,non-woody,0.15,771.3799999999998,1.4877836862331304
Cornus nuttallii,Cornaceae,24,14,30,Cornus nuttallii,NA,19.18775716228668,woody,14.725854820000002,3200.0000000000027,30.822507443221532
Cornus sericea,Cornaceae,76,40,21,Cornus sericea,NA,17.55,woody,2.663296645,2345.5099999999998,31.165066812769464
Cornus suecica,Cornaceae,60,30,2,Cornus suecica,NA,19.88696657,non-woody,0.16496465099999996,301.40000000000003,0.197911602
Cornus unalaschkensis,Cornaceae,60,30,6,Cornus unalaschkensis,NA,18.563620434041002,non-woody,0.28516801047381124,650.2479436154184,1.5520406329763188
Corylus cornuta,Betulaceae,63,29,25,Corylus cornuta,NA,19.53619192,woody,3.3940213169999995,3166.4000000000024,39.850617277229645
Crataegus douglasii,Rosaceae,68,25,41,Crataegus douglasii,NA,20.50796256839667,woody,3.123716806,1514.401363476533,42.610539742321315
Delphinium nuttallianum,Ranunculaceae,6,4,2,Delphinium nuttallianum,NA,18.56480187174028,non-woody,0.3573370802294546,381.9700000000001,1.5673160548719982
Dicentra formosa,Papaveraceae,6,4,4,Dicentra formosa,NA,20.32063738507646,non-woody,0.564621617,1627.9093225352888,1.6883118595227609
Dodecatheon hendersonii,Primulaceae,15,9,3,Dodecatheon hendersonii,NA,21.29486536207351,non-woody,0.7270450413000293,1424.7439749492273,1.9456269322830115
Dodecatheon jeffreyi,Primulaceae,15,9,2,Dodecatheon jeffreyi,NA,21.29486536207351,non-woody,0.7270450413000293,1424.7439749492273,1.9456269322830115
Dodecatheon pulchellum,Primulaceae,15,9,1,Dodecatheon pulchellum,NA,25.94875,non-woody,0.6,408.09000000000003,1.6222429905524414
Drosera rotundifolia,Droseraceae,6,3,2,Drosera rotundifolia,NA,12.68845516,non-woody,0.07657072999999999,47.440000000000005,0.13
Dryopteris expansa,Dryopteridaceae,66,37,7,Dryopteris expansa,NA,22.11655754,non-woody,1.2,59642.46000000002,269.34000000000003
Elaeagnus commutata,Elaeagnaceae,25,11,43,Elaeagnus commutata,NA,20.58792286830529,woody,2.8178319760000003,1523.282489952127,42.45497161516968
Empetrum nigrum,Ericaceae,42,18,31,Empetrum nigrum,NA,11.41157144,woody,0.21346105600000004,4.8,279.276306748081
Epilobium angustifolium,Onagraceae,85,43,4,Epilobium angustifolium,NA,28.6675871,non-woody,0.831719514,2207.7599999999993,0.30408778500000005
Equisetum arvense,Equisetaceae,89,43,54,Equisetum arvense,NA,20.03828835,non-woody,0.348986214,112.81999999999995,181.70286413985002
Equisetum hyemale var. affine,Equisetaceae,40,26,8,Equisetum hyemale,var. affine,18.49147936532205,non-woody,0.39381786734620033,334.1893149455389,3.7321712595853733
Equisetum telmateia,Equisetaceae,89,43,26,Equisetum telmateia,NA,18.596759154201827,non-woody,1.168182022,50.33,119.49333333333297
Ericameria nauseosa,Compositae,17,8,41,Ericameria nauseosa,NA,20.57577722,woody,1.105,28.27,32.23166703765892
Eriophorum angustifolium,Cyperaceae,26,8,6,Eriophorum angustifolium,NA,19.2332864,non-woody,0.280294636,1159.4,0.326532408
Erythronium grandiflorum,Liliaceae,13,13,25,Erythronium grandiflorum,NA,20.711691552591248,non-woody,0.3,2135.49,2.1171352612033987
Eurybia conspicua,Asteraceae,8,5,8,Eurybia conspicua,NA,20.810043076505796,non-woody,0.6765124900542461,1778.8525754153648,1.9099825607213723
Fragaria chiloensis,Rosaceae,113,51,25,Fragaria chiloensis,NA,18.346888766645588,non-woody,0.24,622.3649629305337,3.483028469521213
Fragaria vesca,Rosaceae,113,51,28,Fragaria vesca,NA,18.41902786,non-woody,0.11388025699999998,1112.1100000000001,388.00000000000006
Fragaria virginiana,Rosaceae,113,51,76,Fragaria virginiana,NA,14.74564927,non-woody,0.10693312799999999,1285.8100000000002,0.470839011
Frangula purshiana,Rhamnaceae,52,26,62,Frangula purshiana,NA,20.70202919525769,woody,10.33,1527.4162754568206,43.45472770475003
Frasera montana,Gentianaceae,5,4,1,Frasera montana,NA,20.810043076505796,non-woody,0.6765124900542461,1778.8525754153648,1.9099825607213723
Fritillaria affinis,Liliaceae,17,13,12,Fritillaria affinis,NA,20.662142264333973,non-woody,0.6089173541035627,1731.395186709594,1.8125359742217972
Fritillaria camschatcensis,Liliaceae,34,21,14,Fritillaria camschatcensis,NA,20.662142264333973,non-woody,0.6089173541035627,1731.395186709594,1.8125359742217972
Fritillaria pudica,Liliaceae,16,9,20,Fritillaria pudica,NA,18.48573825727255,non-woody,0.3,661.1890738242381,1.8739505297820294
Gaillardia aristata,Compositae,12,5,19,Gaillardia aristata,NA,20.662142264333973,non-woody,0.6,1732.562888648003,1.8125359742217972
Galium aparine,Rubiaceae,36,20,19,Galium aparine,NA,25.66632034,non-woody,0.389570305,159.04999999999998,0.139310853
Galium triflorum,Rubiaceae,36,20,19,Galium triflorum,NA,19.05135813,non-woody,0.358530782327228,522.9115803020482,1.2696095905248064
Gaultheria shallon,Ericaceae,77,30,82,Gaultheria shallon,NA,8.890435201,woody,1.471306473,3019.000000000001,26.964144795436685
Geranium viscosissimum,Geraniaceae,6,5,12,Geranium viscosissimum,NA,21.588285266515367,non-woody,0.91,2505.359999999999,2.052808513193882
Geum macrophyllum,Rosaceae,21,18,19,Geum macrophyllum,NA,18.982180518942876,non-woody,0.6,1010.9800000000004,0.260357555
Geum triflorum,Rosaceae,9,4,26,Geum triflorum,NA,14.19803952,non-woody,0.45,828.7999999999998,1.5106579705544472
Glaux maritima,Primulaceae,4,3,3,Glaux maritima,NA,20.810043076505796,non-woody,0.6765124900542461,1778.8525754153648,1.9099825607213723
Goodyera oblongifolia,Orchidaceae,17,12,8,Goodyera oblongifolia,NA,20.810043076505796,non-woody,0.6765124900542461,1778.8525754153648,1.9099825607213723
Gymnocarpium dryopteris,Cystopteridaceae,4,4,1,Gymnocarpium dryopteris,NA,20.87572485,non-woody,0.205303911,4084.0800000000004,164.14581669571405
Hackelia diffusa,Boraginaceae,7,5,1,Hackelia diffusa,NA,20.810043076505796,non-woody,0.6765124900542461,1778.8525754153648,1.9099825607213723
Hedysarum alpinum,Leguminosae,15,7,12,Hedysarum alpinum,NA,38.3,non-woody,0.24494897400000004,933.3606735749478,1.7613752991148208
Heracleum maximum,Apiaceae,102,50,189,Heracleum maximum,NA,21.34389985067424,non-woody,2.43,12356.380000000003,8.590684426723161
Heuchera cylindrica,Saxifragaceae,17,12,22,Heuchera cylindrica,NA,21.415593116807536,non-woody,1.82,2243.9373735648887,8.718165871126704
Hierochloe odorata,Poaceae,14,8,92,Hierochloe odorata,NA,19.192948968698698,non-woody,0.350568382,33,0.19
Holodiscus discolor,Rosaceae,36,26,65,Holodiscus discolor,NA,18.03820416,woody,2.928841355,661.4199999999998,37.13475968581656
Hordeum jubatum,Poaceae,17,11,6,Hordeum jubatum,NA,22.54,non-woody,0.411953429,181.00000000000006,0.24441
Juncus effusus,Juncaceae,9,6,20,Juncus effusus,NA,13.57264734,non-woody,0.761216973,1402.0000000000002,270.228
Juniperus communis,Cupressaceae,66,34,112,Juniperus communis,NA,11.44467354,woody,3.0414365519999995,20.680000000000003,407.42251571599985
Juniperus scopulorum,Cupressaceae,20,18,131,Juniperus scopulorum,NA,13.04468907,woody,11.458257300000001,305.25379893106464,40.33821094584437
Kalmia microphylla,Ericaceae,13,8,6,Kalmia microphylla,NA,16.920244408081437,woody,0.3,395.12479775381127,12.617594401766208
Lappula occidentalis,Boraginaceae,7,5,1,Lappula occidentalis,NA,20.810043076505796,non-woody,0.6765124900542461,1778.8525754153648,1.9099825607213723
Larix laricina,Pinaceae,11,6,55,Larix laricina,NA,15.28582255,woody,23.399327270000004,33,58.66827083972289
Larix occidentalis,Pinaceae,15,10,45,Larix occidentalis,NA,16.38228862,woody,50.83738162,25.199999999999996,58.00992951852674
Lathyrus japonicus,Leguminosae,22,15,5,Lathyrus japonicus,NA,23.214557943764966,non-woody,0.42837748,991.9145228003862,1.8026897006145817
Lathyrus nevadensis,Leguminosae,22,15,1,Lathyrus nevadensis,NA,24.26426079188273,non-woody,0.7193110408802852,1795.766725187469,1.876886012701846
Lathyrus ochroleucus,Leguminosae,22,15,5,Lathyrus ochroleucus,NA,32.9,non-woody,0.9,2015.252283550576,1.701827645888575
Lewisia rediviva,Montiaceae,21,13,50,Lewisia rediviva,NA,20.810043076505796,non-woody,0.6765124900542461,1778.8525754153648,1.9099825607213723
Leymus cinereus,Poaceae,15,10,18,Leymus cinereus,NA,21.187500999508348,non-woody,1.52,2152.895019307524,5.486881230525729
Leymus mollis,Poaceae,17,11,18,Leymus mollis,NA,21.314360699760027,non-woody,1.21,1904.7948724039968,2.855007347910816
Ligusticum canbyi,Apiaceae,11,8,19,Ligusticum canbyi,NA,20.98216177725657,non-woody,0.6693167009886133,1916.3394454142715,1.8405319744000062
Ligusticum scoticum,Apiaceae,12,4,5,Ligusticum scoticum,NA,20.419482179446163,non-woody,0.52,3161.9999999999986,1.6640089813476495
Lilium columbianum,Liliaceae,34,22,27,Lilium columbianum,NA,20.810043076505796,non-woody,0.6765124900542461,1778.8525754153648,1.9099825607213723
Linnaea borealis,Caprifoliaceae,8,8,6,Linnaea borealis,NA,9.304296068,non-woody,0.17717347,92.95999999999995,0.25
Lithospermum ruderale,Boraginaceae,15,6,23,Lithospermum ruderale,NA,19.551853159731653,non-woody,0.45,1330.031859545859,1.6713071009594673
Lomatium canbyi,Apiaceae,8,6,8,Lomatium canbyi,NA,18.704572920415977,non-woody,0.24,647.2422174311596,1.870216538897729
Lomatium cous,Apiaceae,14,10,12,Lomatium cous,NA,18.704572920415977,non-woody,0.24,647.2422174311596,1.870216538897729
Lomatium dissectum,Apiaceae,10,7,40,Lomatium dissectum,NA,21.264859171892166,non-woody,1.4,2031.6054615161227,5.332917941569359
Lomatium geyeri,Apiaceae,3,3,1,Lomatium geyeri,NA,20.662142264333973,non-woody,0.6160416527979782,1731.395186709594,1.8125359742217972
Lomatium macrocarpum,Apiaceae,10,8,40,Lomatium macrocarpum,NA,20.662142264333973,non-woody,0.6160416527979782,1731.395186709594,1.8125359742217972
Lomatium nudicaule,Apiaceae,25,18,54,Lomatium nudicaule,NA,20.662142264333973,non-woody,0.6160416527979782,1731.395186709594,1.8125359742217972
Lonicera ciliosa,Caprifoliaceae,36,18,25,Lonicera ciliosa,NA,20.668702396783534,woody,3.0534306509436226,1669.3599807266157,43.31045142847202
Lonicera involucrata,Caprifoliaceae,68,34,72,Lonicera involucrata,NA,20.51569443294062,woody,3.04,3198.170000000001,41.98626116723301
Lupinus nootkatensis,Leguminosae,18,12,2,Lupinus nootkatensis,NA,23.221100349217917,non-woody,0.774596669,1704.029792476168,1.562347522072674
Lupinus polyphyllus,Leguminosae,22,14,6,Lupinus polyphyllus,NA,32.93508767,non-woody,1.159253422,1460.1700000000005,0.16967032299999998
Lycopodium clavatum,Lycopodiaceae,26,17,11,Lycopodium clavatum,NA,8.344249731,non-woody,0.12602534899999998,2.39,380.1900000000001
Lysichiton americanus,Araceae,78,44,111,Lysichiton americanus,NA,21.588788883481996,non-woody,1.1,1988.8954372476041,2.119337584120717
Mahonia aquifolium,Berberidaceae,68,29,58,Mahonia aquifolium,NA,20.810043076505796,non-woody,0.6765124900542461,1778.8525754153648,1.9099825607213723
Mahonia nervosa,Berberidaceae,68,29,33,Mahonia nervosa,NA,20.810043076505796,non-woody,0.6765124900542461,1778.8525754153648,1.9099825607213723
Maianthemum dilatatum,Asparagaceae,42,21,15,Maianthemum dilatatum,NA,21.14595875566739,non-woody,1.071954446,9049.999999999998,1.7933206617511788
Maianthemum racemosum subsp. amplexicaule,Liliaceae,38,21,3,Maianthemum racemosum,subsp. amplexicaule,21.041260123098056,non-woody,0.7838245021082418,2629.7968042734256,1.8911982598970367
Malus fusca,Rosaceae,95,33,90,Malus fusca,NA,20.701383335474922,woody,7.463799301,1542.2983165823084,43.21743886848446
Mentha arvensis,Lamiaceae,30,19,208,Mentha arvensis,NA,15.13,non-woody,0.293615646,566.0700000000003,0.17114856499999997
Menziesia ferruginea,Ericaceae,20,17,9,Menziesia ferruginea,NA,19.10272316450018,woody,0.8,1240.9432731821514,13.41495343568099
Moneses uniflora,Ericaceae,11,10,14,Moneses uniflora,NA,20.4,non-woody,0.053078368999999986,358.33000000000004,0.27
Monotropa uniflora,Ericaceae,5,4,12,Monotropa uniflora,NA,19.7,non-woody,0.5494375910795013,1418.0890067593537,1.6742455449167688
Myrica gale,Myricaceae,5,5,8,Myrica gale,NA,25.45584412,woody,1.411935754,144.77999999999994,345.00000000000017
Nicotiana attenuata,Solanaceae,56,32,76,Nicotiana attenuata,NA,21.243229506002134,non-woody,0.8231059122701456,2663.138258608961,1.8532961327241801
Nicotiana quadrivalvis,Solanaceae,56,32,11,Nicotiana quadrivalvis,NA,21.243229506002134,non-woody,0.8231059122701456,2663.138258608961,1.8532961327241801
Nicotiana tabacum,Solanaceae,56,32,44,Nicotiana tabacum,NA,21.169923412796283,non-woody,1.709378663,9049.999999999998,7.45170005309556
Nuphar lutea,Nymphaeaceae,62,39,1,Nuphar lutea,NA,35.85847,non-woody,0.45,24904.200000000023,0.180974936
Oemleria cerasiformis,Rosaceae,23,14,26,Oemleria cerasiformis,NA,19.2,woody,1.949358869,1170.0000000000005,35.63148146876984
Oenanthe sarmentosa,Apiaceae,13,10,17,Oenanthe sarmentosa,NA,20.810043076505796,non-woody,0.6765124900542461,1778.8525754153648,1.9099825607213723
Oplopanax horridus,Araliaceae,68,44,157,Oplopanax horridus,NA,20.573847469943424,woody,3.044383827910791,1523.5410182004553,42.610539742321315
Opuntia fragilis,Cactaceae,16,13,14,Opuntia fragilis,NA,20.806214747347937,non-woody,0.6675543352270061,1778.8525754153648,1.902000220782325
Opuntia polyacantha,Cactaceae,16,13,46,Opuntia polyacantha,NA,20.662142264333973,non-woody,0.6,1732.562888648003,1.8125359742217972
Osmorhiza berteroi,Apiaceae,11,8,23,Osmorhiza berteroi,NA,19.679346202369423,non-woody,0.46903118601493515,1056.7954828452434,1.6553997037849963
Osmorhiza occidentalis,Apiaceae,8,6,70,Osmorhiza occidentalis,NA,19.254766921498216,non-woody,1.21,345.3199999999998,2.298191171666488
Oxalis oregana,Oxalidaceae,7,5,18,Oxalis oregana,NA,19.050817980009374,non-woody,0.04000000000000001,675.0000000000002,1.73961444992705
Oxyria digyna,Polygonaceae,8,4,11,Oxyria digyna,NA,43.67757953,non-woody,0.10004055100000002,375.00999999999993,0.08999999999999998
Paxistima myrsinites,Celastraceae,10,5,16,Paxistima myrsinites,NA,16.813077934230208,woody,1,102.57999999999997,27.28506211805099
Penstemon fruticosus,Plantaginaceae,11,4,27,Penstemon fruticosus,NA,19.09849531015668,woody,0.6,1203.2337174587828,12.975017433400335
Perideridia gairdneri,Apiaceae,28,16,39,Perideridia gairdneri,NA,21.314360699760027,non-woody,1.21,1904.7948724039968,2.855007347910816
Petasites frigidus,Compositae,21,14,13,Petasites frigidus,NA,24.4059419,non-woody,0.12500000000000003,824.2294264504518,1.997504012534411
Phalaris arundinacea,Poaceae,21,15,3,Phalaris arundinacea,NA,22.15447907,non-woody,1.342179414,2344.2799999999993,186.84718044575803
Philadelphus lewisii,Hydrangeaceae,22,15,48,Philadelphus lewisii,NA,20.387537568758475,woody,3.65,1495.1206923756683,41.577331086431194
Phyllospadix scouleri,Zosteraceae,10,5,4,Phyllospadix scouleri,NA,20.810043076505796,non-woody,0.6765124900542461,1778.8525754153648,1.9099825607213723
Physocarpus capitatus,Rosaceae,12,11,19,Physocarpus capitatus,NA,20.47789784240421,woody,2.43,1507.9129784453612,42.17068191322208
Physocarpus malvaceus,Rosaceae,12,11,3,Physocarpus malvaceus,NA,20.335058863603326,woody,1.792375154,1453.1892159771246,37.89812082409199
Picea engelmannii,Pinaceae,43,26,24,Picea engelmannii,NA,9.981690298,woody,35.29363732,29.39,67.87295568421021
Picea glauca,Pinaceae,43,26,166,Picea glauca,NA,10.63662706,woody,25.8348762,23.720000000000002,513.4
Picea mariana,Pinaceae,21,13,81,Picea mariana,NA,8.37922413,woody,19.760111269999996,30.000000000000004,80.61854297092827
Picea sitchensis,Pinaceae,56,31,136,Picea sitchensis,NA,11.17514256,woody,55.113262530000014,17.99,183.83443251929197
Pinus albicaulis,Pinaceae,31,14,13,Pinus albicaulis,NA,10.35,woody,16.698853189999998,253.06668007252674,21.901648785338576
Pinus contorta,Pinaceae,81,42,103,Pinus contorta,NA,11.31399704,woody,21.372521170000002,49.99999999999999,41.59027324140991
Pinus monticola,Pinaceae,43,26,28,Pinus monticola,NA,14.55555556,woody,63.19708608999997,203.4715461710403,17.925295100580453
Pinus ponderosa,Pinaceae,24,15,138,Pinus ponderosa,NA,11.1695215,woody,38.30074010999999,159.99999999999994,0.24639480933333302
Plantago major,Plantaginaceae,37,23,93,Plantago major,NA,18.80325799,non-woody,0.16658176399999997,4852.230000000003,0.15966630000000004
Plantago maritima,Plantaginaceae,6,4,2,Plantago maritima,NA,15.37,non-woody,0.192142876,749.4199999999997,1.397038022304077
Platanthera dilatata,Orchidaceae,8,6,2,Platanthera dilatata,NA,20.810043076505796,non-woody,0.6765124900542461,1778.8525754153648,1.9099825607213723
Platanthera stricta,Orchidaceae,8,6,1,Platanthera stricta,NA,20.810043076505796,non-woody,0.6765124900542461,1778.8525754153648,1.9099825607213723
Polypodium glycyrrhiza,Polypodiaceae,39,30,33,Polypodium glycyrrhiza,NA,20.810043076505796,non-woody,0.6765124900542461,1778.8525754153648,1.9099825607213723
Polystichum munitum,Dryopteridaceae,71,29,59,Polystichum munitum,NA,21.565950333463253,non-woody,1.06,1994.220446418169,2.1312002471607494
Populus balsamifera,Salicaceae,94,51,17,Populus balsamifera,NA,17.56593597,woody,18.33734857,2773.999999999999,49.55359932239599
Populus balsamifera subsp. trichocarpa,Salicaceae,94,51,92,Populus balsamifera,subsp. trichocarpa,19.680105538492345,woody,5.278728432881104,920.7037050857323,50.94879185381027
Populus tremuloides,Salicaceae,55,32,117,Populus tremuloides,NA,20.80417917,woody,16.70656374,2066.58,365.3545907043999
Potamogeton natans,Potamogetonaceae,9,7,2,Potamogeton natans,NA,38.11417833,non-woody,0.1334681635,2369.5,0.20647396099999998
Prunus emarginata,Rosaceae,80,35,95,Prunus emarginata,NA,20.864335933368572,woody,7.151135165,2467.609999999999,43.6631106751628
Prunus pensylvanica,Rosaceae,80,35,52,Prunus pensylvanica,NA,23.47781293,woody,11.10910705,2047.6999999999996,45.219495854687906
Prunus virginiana,Rosaceae,46,20,165,Prunus virginiana,NA,18.85670178,woody,5.995392840000001,975.0800000000004,37.436556932697904
Pseudoroegneria spicata,Poaceae,11,9,2,Pseudoroegneria spicata,NA,20.810043076505796,non-woody,0.6765124900542461,1778.8525754153648,1.9099825607213723
Pseudotsuga menziesii,Pinaceae,86,43,87,Pseudotsuga menziesii,NA,11.84097595,woody,65.27951122999997,31.169999999999995,53.113656752675894
Pteridium aquilinum,Dennstaedtiaceae,90,40,80,Pteridium aquilinum,NA,25.01895541,non-woody,1.611970256,139999.9999999999,298.00000000000006
Pterospora andromedea,Ericaceae,5,5,15,Pterospora andromedea,NA,20.810043076505796,non-woody,0.6765124900542461,1778.8525754153648,1.9099825607213723
Purshia tridentata,Rosaceae,7,3,59,Purshia tridentata,NA,22.04273525,woody,1.82,29.000000000000004,62.41412300183607
Pyrola asarifolia,Ericaceae,7,7,7,Pyrola asarifolia,NA,13,non-woody,0.42807794650978215,404.1487083652898,1.9036185131638896
Quercus garryana,Fagaceae,17,11,26,Quercus garryana,NA,16.215659356739256,woody,20.69145058,422.6157370454256,32.81111317169399
Ranunculus acris,Ranunculaceae,10,4,14,Ranunculus acris,NA,25.73587504,non-woody,0.351530095,595.1899999999999,186.15057333990507
Ranunculus glaberrimus,Ranunculaceae,20,9,6,Ranunculus glaberrimus,NA,19.79170523945203,non-woody,0.15,638.6617256114166,3.402926922857593
Ranunculus occidentalis,Ranunculaceae,10,4,2,Ranunculus occidentalis,NA,20.062031444888145,non-woody,0.3237444036748848,666.9342204989871,3.743103584993978
Rhodiola rosea,Crassulaceae,10,4,12,Rhodiola rosea,NA,3.121289024,non-woody,0.16666666666666702,167.00000000000006,104.24999999999999
Rhododendron albiflorum,Ericaceae,5,3,12,Rhododendron albiflorum,NA,20.45268083391628,woody,1.82,1483.190042488856,37.92741548273422
Rhododendron columbianum,Ericaceae,92,43,2,Rhododendron columbianum,NA,20.810043076505796,non-woody,0.6803181203405425,1778.8525754153648,1.9099825607213723
Rhododendron groenlandicum,Ericaceae,92,43,96,Rhododendron groenlandicum,NA,20.810043076505796,non-woody,0.6803181203405425,1778.8525754153648,1.9099825607213723
Rhus glabra,Anacardiaceae,7,6,108,Rhus glabra,NA,17.72816213,woody,2.847025404,7137.600000000003,41.00164505
Ribes aureum,Grossulariaceae,9,6,22,Ribes aureum,NA,21.653719156081067,woody,1.775443065,1608.669364241454,40.24804395343167
Ribes bracteosum,Grossulariaceae,52,26,24,Ribes bracteosum,NA,20.909281608184067,woody,0.8,1605.920511189243,15.0319919661912
Ribes cereum,Grossulariaceae,16,8,21,Ribes cereum,NA,21.03204300159809,woody,0.91,1623.6061799325987,15.87800244751201
Ribes divaricatum,Grossulariaceae,89,41,40,Ribes divaricatum,NA,22.8,woody,3.2,1198,43.74899845577801
Ribes glandulosum,Grossulariaceae,52,21,6,Ribes glandulosum,NA,20.942940352935334,woody,0.8,2422.52,14.93491174807482
Ribes hudsonianum,Grossulariaceae,34,19,24,Ribes hudsonianum,NA,21.40085914124419,woody,1.52,1712.7363827576653,29.885565443434857
Ribes inerme,Grossulariaceae,89,41,7,Ribes inerme,NA,21.652276311341023,woody,2.43,1676.0092295425322,43.4483273378422
Ribes lacustre,Grossulariaceae,75,31,40,Ribes lacustre,NA,21.03204300159809,woody,0.91,1623.6061799325987,15.87800244751201
Ribes laxiflorum,Grossulariaceae,52,21,19,Ribes laxiflorum,NA,20.909281608184067,woody,0.8,1605.920511189243,15.0319919661912
Ribes lobbii,Grossulariaceae,89,41,16,Ribes lobbii,NA,21.66787631134103,woody,2.4039706466467154,1677.70579445987,43.4483273378422
Ribes oxyacanthoides,Grossulariaceae,89,41,13,Ribes oxyacanthoides,NA,21.66787631134103,woody,2.4039706466467154,1677.70579445987,43.4483273378422
Ribes sanguineum,Grossulariaceae,26,11,17,Ribes sanguineum,NA,25.4,woody,1.827626261,3294.9999999999973,37.442127597945294
Ribes triste,Grossulariaceae,19,9,22,Ribes triste,NA,20.8637167687568,woody,0.6,1574.689374222069,14.841340559113664
Rosa acicularis,Rosaceae,164,57,67,Rosa acicularis,NA,10.64706532,woody,1.21,401.06832087542136,17.17705911437864
Rosa gymnocarpa,Rosaceae,28,11,33,Rosa gymnocarpa,NA,17.893917318784112,woody,0.91,1068.4271100079825,14.326849622933972
Rosa nutkana,Rosaceae,164,57,71,Rosa nutkana,NA,18.328451364538196,woody,3.04,1223.4430170329153,38.447831662919754
Rosa pisocarpa,Rosaceae,164,57,25,Rosa pisocarpa,NA,17.893917318784112,woody,0.91,1068.4271100079825,14.326849622933972
Rosa woodsii,Rosaceae,164,57,60,Rosa woodsii,NA,14.91,woody,0.995671983,714.8999999999997,14.53357991964795
Rubus arcticus,Rosaceae,17,7,14,Rubus arcticus,NA,20.280340366846033,non-woody,0.3,1084.8616468961238,2.233482368166573
Rubus chamaemorus,Rosaceae,27,14,33,Rubus chamaemorus,NA,21.87553983,non-woody,0.10348729799999999,1923.7900000000004,0.259069653
Rubus idaeus,Rosaceae,77,42,72,Rubus idaeus,NA,23.31509906,woody,0.939938363,2198.0899999999997,192.62560143365602
Rubus leucodermis,Rosaceae,66,30,68,Rubus leucodermis,NA,19.35778359081293,woody,0.3,1107.6901912928165,14.483494380714625
Rubus parviflorus,Rosaceae,152,49,103,Rubus parviflorus,NA,21.9,woody,1.475804865,15256.999999999996,26.12854406113243
Rubus pedatus,Rosaceae,21,12,5,Rubus pedatus,NA,20.88828716229175,woody,2.3191420200450947,2141.2606682291266,40.92070659826321
Rubus pubescens,Rosaceae,12,7,13,Rubus pubescens,NA,19.32149063,woody,2.196704574772001,4175.160000000003,36.087469236000146
Rubus spectabilis,Rosaceae,170,41,99,Rubus spectabilis,NA,20.79157098977942,woody,3.079363449,2132.663288927237,41.7286400531769
Rubus ursinus,Rosaceae,65,27,24,Rubus ursinus,NA,20.1,woody,1.2,1793.0000000000002,19.296394475715374
Rumex aquaticus,Polygonaceae,35,24,25,Rumex aquaticus,NA,35.52,non-woody,1.074755854,21992.289999999997,0.14
Sagittaria cuneata,Alismataceae,34,17,13,Sagittaria cuneata,NA,20.882519436839008,non-woody,0.79,1730.3393291911605,1.8917329483709453
Sagittaria latifolia,Alismataceae,34,17,34,Sagittaria latifolia,NA,20.297244980378704,non-woody,1.49,1321.5699999999997,5.3500621373948976
Salix bebbiana,Salicaceae,118,49,22,Salix bebbiana,NA,21.1,woody,4.36592131,1581.137605863127,42.7611934648522
Salix discolor,Salicaceae,118,49,27,Salix discolor,NA,22.027706463723224,woody,6.9828361,1484.5299999999993,44.345115296344
Salix exigua,Salicaceae,17,7,57,Salix exigua,NA,22.137690263127922,woody,5.513619501,1524.3704300679651,44.267481700437834
Salix hookeriana,Salicaceae,118,49,10,Salix hookeriana,NA,22.028837270775302,woody,7.920000000000001,1502.6427468699392,44.345115296344
Salix lucida,Salicaceae,39,25,8,Salix lucida,NA,29.6,woody,10.81287166,1974.0000000000007,36.152313347893475
Salix scouleriana,Salicaceae,118,49,33,Salix scouleriana,NA,22.09708510582407,woody,8.479071928999998,1508.2095899780677,44.461727090623896
Salix sitchensis,Salicaceae,118,49,28,Salix sitchensis,NA,22.027706463723224,woody,7.01,1492.8920308037386,44.345115296344
Sambucus nigra,Adoxaceae,38,23,13,Sambucus nigra,NA,35.90688506,woody,4.513290405,1060.6000000000001,161.55174082934096
Sambucus racemosa,Adoxaceae,97,43,72,Sambucus racemosa,NA,52.356573,woody,2.439435479,1868.0200000000002,176.7616666666669
Schoenoplectus acutus,Cyperaceae,59,31,70,Schoenoplectus acutus,NA,20.453902237826817,non-woody,2.98,1946.7893232685194,9.305493774147433
Schoenoplectus americanus,Cyperaceae,8,6,15,Schoenoplectus americanus,NA,13.27906556,non-woody,0.5393583799406383,739.6515122390754,2.0270032981137525
Scirpus microcarpus,Cyperaceae,22,16,9,Scirpus microcarpus,NA,15.01430186,non-woody,1.246682581,5839.170000000002,0.360957598
Sedum divergens,Crassulaceae,16,11,11,Sedum divergens,NA,20.810043076505796,non-woody,0.6765124900542461,1778.8525754153648,1.9099825607213723
Shepherdia canadensis,Elaeagnaceae,94,46,127,Shepherdia canadensis,NA,33,woody,1.82,1636.7129261448067,31.88687165013499
Sium suave,Apiaceae,12,10,21,Sium suave,NA,1.7,non-woody,0.5739468659501286,418.3262172092386,3.3988027221638197
Solidago canadensis,Compositae,13,5,29,Solidago canadensis,NA,16.25032178,non-woody,0.816947234,894.72,0.284464623
Sorbus scopulina,Rosaceae,50,27,5,Sorbus scopulina,NA,20.44957555288651,woody,4.052776826,4811.999999999999,38.16344600046361
Sorbus sitchensis,Rosaceae,50,27,13,Sorbus sitchensis,NA,20.45865472,woody,4.713407504000001,1824.5420726365114,41.978794091479706
Spiraea betulifolia,Rosaceae,17,10,13,Spiraea betulifolia,NA,19.16944497117002,woody,0.91,1253.506398828598,14.209167228975879
Spiraea douglasii,Rosaceae,14,13,5,Spiraea douglasii,NA,20.335058863603326,woody,1.787456293,1453.1892159771246,37.89812082409199
Streptopus amplexifolius,Liliaceae,42,19,24,Streptopus amplexifolius,NA,20.528435886995815,non-woody,0.579889,2957.039999999999,1.7645694456471115
Symphoricarpos albus,Caprifoliaceae,84,34,79,Symphoricarpos albus,NA,14.50379607,woody,1.560812225,1318.8700000000003,358.88500000000005
Taxus brevifolia,Taxaceae,65,39,127,Taxus brevifolia,NA,16.05077157831771,woody,12.734896270000002,40,57.50551188087117
Thalictrum occidentale,Ranunculaceae,3,3,14,Thalictrum occidentale,NA,20.810043076505796,non-woody,0.6765124900542461,1778.8525754153648,1.9099825607213723
Thuja plicata,Cupressaceae,154,55,368,Thuja plicata,NA,11.83504708,woody,48.291830559999994,205.96338727338278,27.63310300200127
Toxicodendron rydbergii,Anacardiaceae,21,9,3,Toxicodendron rydbergii,NA,20.810043076505796,non-woody,0.6765124900542461,1778.8525754153648,1.9099825607213723
Trifolium wormskioldii,Leguminosae,16,12,21,Trifolium wormskioldii,NA,21.565950333463253,non-woody,1.06,1994.220446418169,2.1312002471607494
Triglochin maritima,Juncaginaceae,8,7,6,Triglochin maritima,NA,20.884324884962158,non-woody,0.40165977,394.6399999999998,0.125570724
Trillium ovatum,Melanthiaceae,16,11,10,Trillium ovatum,NA,20.810043076505796,non-woody,0.6765124900542461,1778.8525754153648,1.9099825607213723
Trillium petiolatum,Liliaceae,16,11,1,Trillium petiolatum,NA,20.810043076505796,non-woody,0.6765124900542461,1778.8525754153648,1.9099825607213723
Triteleia grandiflora,Asparagaceae,9,6,11,Triteleia grandiflora,NA,20.662142264333973,non-woody,0.6,1732.562888648003,1.8125359742217972
Tsuga heterophylla,Pinaceae,86,41,160,Tsuga heterophylla,NA,11.9005052,woody,45.14083248000001,74.99999999999997,48.578612769894704
Tsuga mertensiana,Pinaceae,86,41,19,Tsuga mertensiana,NA,11.97012949,woody,38.1,189.37358156548106,27.77004935806695
Typha latifolia,Typhaceae,107,43,254,Typha latifolia,NA,14.43017547,non-woody,1.525828105,17369.98999999999,0.191656794
Urtica dioica,Urticaceae,84,53,63,Urtica dioica,NA,42.91725378,non-woody,0.88302413,1552.7399999999998,186.13777455562501
Vaccinium caespitosum,Ericaceae,59,29,25,Vaccinium caespitosum,NA,15.330732470863058,woody,0.20215,176.32000000000008,31.62790525529101
Vaccinium membranaceum,Ericaceae,85,41,43,Vaccinium membranaceum,NA,15.998812647611501,woody,1.37,331.4518092442332,37.54951500206325
Vaccinium myrtilloides,Ericaceae,37,18,40,Vaccinium myrtilloides,NA,15.78529749,woody,4.389760814,293.99000000000007,51.01176544510361
Vaccinium myrtillus,Ericaceae,11,7,1,Vaccinium myrtillus,NA,16.39812025,woody,0.223988528,145.27,246.71350417525997
Vaccinium ovalifolium,Ericaceae,97,46,75,Vaccinium ovalifolium,NA,15.267693746142479,woody,2.43,213.66478890227594,51.04524450682914
Vaccinium ovatum,Ericaceae,21,10,32,Vaccinium ovatum,NA,6.841052551,woody,2.43,169.97958341638014,54.93284274928531
Vaccinium oxycoccos,Ericaceae,75,37,59,Vaccinium oxycoccos,NA,15.33,woody,0.444145533,16.199999999999996,279.4568001069671
Vaccinium parvifolium,Ericaceae,82,37,58,Vaccinium parvifolium,NA,15.344264252902347,woody,3.65,213.166850971857,51.21158035614703
Vaccinium scoparium,Ericaceae,11,7,13,Vaccinium scoparium,NA,15.818430248152177,woody,0.6,319.9131749964515,27.93554157403264
Vaccinium uliginosum,Ericaceae,58,26,36,Vaccinium uliginosum,NA,21.85698336,woody,0.172680858,81.45999999999997,390.76467509333315
Vaccinium vitis-idaea,Ericaceae,36,18,30,Vaccinium vitis-idaea,NA,10.57435117,woody,0.139586675,75.29999999999998,57.87228930127585
Valeriana edulis,Caprifoliaceae,14,8,18,Valeriana edulis,NA,21.009627972828483,non-woody,0.6742745874288327,2349.5299999999993,1.857400093912819
Valeriana sitchensis,Caprifoliaceae,14,7,25,Valeriana sitchensis,NA,20.88096304217952,non-woody,0.709190906926045,1854.6710730609886,1.9086488273435172
Veratrum viride,Melanthiaceae,59,38,121,Veratrum viride,NA,20.810043076505796,non-woody,0.6765124900542461,1778.8525754153648,1.9099825607213723
Viburnum edule,Adoxaceae,96,41,63,Viburnum edule,NA,20.064803406294974,woody,0.6,2408.66,16.850162912851356
Viburnum opulus,Adoxaceae,96,41,15,Viburnum opulus,NA,21.57677792,woody,2.8083834020000005,3016.080000000002,167.87243705303806
Vicia nigricans subsp. gigantea,Fabaceae,23,13,8,Vicia nigricans,subsp. gigantea,20.810043076505796,non-woody,0.6765124900542461,1778.8525754153648,1.9099825607213723
Viola adunca,Violaceae,8,7,9,Viola adunca,NA,15.87450787,non-woody,0.029800000000000004,157.62999999999997,2.0938169168573224
Xerophyllum tenax,Melanthiaceae,27,20,26,Xerophyllum tenax,NA,21.187500999508348,non-woody,1.52,2152.895019307524,5.486881230525729
Zigadenus elegans,Liliaceae,17,13,12,Zigadenus elegans,NA,20.810043076505796,non-woody,0.6765124900542461,1778.8525754153648,1.9099825607213723
Zigadenus venenosus,Liliaceae,17,13,30,Zigadenus venenosus,NA,20.810043076505796,non-woody,0.6765124900542461,1778.8525754153648,1.9099825607213723
Zostera marina,Zosteraceae,26,16,12,Zostera marina,NA,23.05629579600462,non-woody,0.547722558,3161.9999999999986,0.11000000000000001
